name,domain,area,found_via,verified
Forumland,forumland.gr,Kalamaria,web search,no
SkoReal,skoreal.gr,East/Center Thessaloniki,web search,no
Olympus Real Estate,olympusrealestate.gr,Thessaloniki,web search,no
Alpha Home,alphahome.gr,Thessaloniki,web search,no
Golden Home,goldenhome.gr,Thessaloniki (network),web search,no
Tzikas Real Estate,tzikas-realestate.gr,Kalamaria (Aretsou),web search,no
Topsis Real Estate,topsisrealestate.gr,Center / Kalamaria,web search,no
Tsireli,tsireli.gr,Kalamaria (Nea Krini),web search,no
El Greko Real Estate,elgrekorealestate.com,Neapoli / Evosmos / Stavroupoli,web search,no
Vista Estate,vistaestate.gr,Thessaloniki (Golden Visa),web search,no
Ellas Estate,ellasestate.com,Thessaloniki center,web search,no
Greek Exclusive Properties,greekexclusiveproperties.com,Thessaloniki,web search,no
RE/MAX (Thessaloniki offices),remax.gr,Thessaloniki,web search,no
Bellos Real Estate,,Pylaia / Toumba / Kalamaria,web search (no domain found),no
BASI Real Estate,,Kalamaria,web search (no domain found),no
Ap' Oiko (Απ' Οίκο),,Kalamaria,web search (no domain found),no
G-MAS,,Thessaloniki,web search via Spitogatos,no
Hellenic Property,,Thessaloniki,web search (no domain found),no
Houses Under The Sun-Greece,,Neo Rysio (Thermi),web search (no domain found),no
REMAX Alfa,remax.gr,Evosmos,web search,no
