url,region,area,neighbourhood,how,checked_at
https://amaltheiarealestate.gr/properties/apartment-100m%c2%b2/,,,,,2026-10-02
https://amaltheiarealestate.gr/properties/apartment-104m%c2%b2/,,,,,2026-10-02
https://amaltheiarealestate.gr/properties/apartment-105m%c2%b2/,,,,,2026-10-02
https://amaltheiarealestate.gr/properties/apartment-107m%c2%b2/,,,,,2026-10-02
https://amaltheiarealestate.gr/properties/apartment-111m%c2%b2-2/,,,,,2026-10-02
https://amaltheiarealestate.gr/properties/apartment-112m%c2%b2/,,,,,2026-10-02
https://amaltheiarealestate.gr/properties/apartment-137m%c2%b2/,,,,,2026-10-02
https://amaltheiarealestate.gr/properties/detached-house-109m%c2%b2/,,,,,2026-10-02
https://amaltheiarealestate.gr/properties/maisonette-115m%c2%b2/,,,,,2026-10-02
https://amaltheiarealestate.gr/properties/plot-4046m%c2%b2/,,,,,2026-10-02
https://amaltheiarealestate.gr/properties/plot-4311m%c2%b2/,,,,,2026-10-02
https://amaltheiarealestate.gr/properties/plot-4569m%c2%b24-plot/,,,,,2026-10-02
https://amaltheiarealestate.gr/properties/plot-786m%c2%b2/,,,,,2026-10-02
https://attikahome.com/property.php?id=1020,attica,Αθήνα-Κέντρο,,text,2026-10-02
https://attikahome.com/property.php?id=1042,attica,Γαλάτσι,,text,2026-10-02
https://attikahome.com/property.php?id=1175,attica,Αθήνα-Κέντρο,,text,2026-10-02
https://attikahome.com/property.php?id=1304,attica,Μαρκόπουλο,,text,2026-10-02
https://attikahome.com/property.php?id=1312,attica,Αχαρνές,,text,2026-10-02
https://attikahome.com/property.php?id=1338,,,,,2026-10-02
https://attikahome.com/property.php?id=1339,attica,Αθήνα-Κέντρο,,text,2026-10-02
https://attikahome.com/property.php?id=1356,,,,,2026-10-02
https://attikahome.com/property.php?id=1360,,,,,2026-10-02
https://attikahome.com/property.php?id=1361,,,,,2026-10-02
https://attikahome.com/property.php?id=1372,attica,Νέα Σμύρνη,,text,2026-10-02
https://attikahome.com/property.php?id=1389,attica,Αθήνα-Κέντρο,,text,2026-10-02
https://attikahome.com/property.php?id=1406,attica,Αθήνα-Κέντρο,,text,2026-10-02
https://attikahome.com/property.php?id=1415,attica,Αθήνα-Κέντρο,,text,2026-10-02
https://attikahome.com/property.php?id=1424,,,,,2026-10-02
https://attikahome.com/property.php?id=1425,attica,Μαραθώνας,,text,2026-10-02
https://attikahome.com/property.php?id=1431,attica,Αθήνα-Κέντρο,,text,2026-10-02
https://attikahome.com/property.php?id=1432,attica,Αθήνα-Κέντρο,,text,2026-10-02
https://attikahome.com/property.php?id=1434,attica,Λαυρεωτική,,text,2026-10-02
https://attikahome.com/property.php?id=1435,attica,Μαραθώνας,,text,2026-10-02
https://attikahome.com/property.php?id=1436,attica,Μαραθώνας,,text,2026-10-02
https://attikahome.com/property.php?id=1437,attica,Αθήνα-Κέντρο,,text,2026-10-02
https://attikahome.com/property.php?id=1438,attica,Αθήνα-Κέντρο,,text,2026-10-02
https://attikahome.com/property.php?id=1439,attica,Αθήνα-Κέντρο,,text,2026-10-02
https://attikahome.com/property.php?id=195,attica,Αθήνα-Κέντρο,,text,2026-10-02
https://attikahome.com/property.php?id=438,attica,Αθήνα-Κέντρο,,text,2026-10-02
https://attikahome.com/property.php?id=542,attica,Χαλάνδρι,,text,2026-10-02
https://attikahome.com/property.php?id=543,attica,Χαλάνδρι,,text,2026-10-02
https://attikahome.com/property.php?id=600,,,,,2026-10-02
https://attikahome.com/property.php?id=609,attica,Μαραθώνας,,text,2026-10-02
https://attikahome.com/property.php?id=614,,,,,2026-10-02
https://attikahome.com/property.php?id=673,attica,Πεντέλη,,text,2026-10-02
https://attikahome.com/property.php?id=745,,,,,2026-10-02
https://attikahome.com/property.php?id=876,attica,Μαραθώνας,,text,2026-10-02
https://attikahome.com/property.php?id=971,,,,,2026-10-02
https://attractionproperties.gr/el/property/1088,,,,,2026-10-02
https://attractionproperties.gr/el/property/1160,,,,,2026-10-02
https://attractionproperties.gr/el/property/1311,,,,,2026-10-02
https://attractionproperties.gr/el/property/1329,,,,,2026-10-02
https://attractionproperties.gr/el/property/1348,,,,,2026-10-02
https://cityvalue.gr/property/140613-2/,,,,,2026-10-02
https://cyclosestate.gr/property/%ce%b1%ce%b8%ce%ae%ce%bd%ce%b1-%ce%bb%ce%ad%ce%bd%ce%bf%cf%81%ce%bc%ce%b1%ce%bd-%ce%b2%ce%b9%ce%bf%cf%84%ce%b5%cf%87%ce%bd%ce%b9%ce%ba%cf%8c-%ce%ba%cf%84%ce%af%cf%81%ce%b9%ce%bf-700%cf%84-%ce%bc/,,,,,2026-10-02
https://dre.gr/property/%CF%80%CF%89%CE%BB%CE%B7%CF%83%CE%B7-%CE%B5%CE%BE%CE%BF%CF%87%CE%B9%CE%BA%CE%B7-%CE%BA%CE%B1%CF%84%CE%BF%CE%B9%CE%BA%CE%B9%CE%B1-%CE%BF%CE%BC%CE%B7%CF%81%CE%BF%CF%85%CF%80%CE%BF%CE%BB%CE%B7-%CF%87%CE%B9%CE%BF%CF%82/13841,,,,,2026-10-02
https://enterhome.com.gr/property.php?id=1385,attica,Αθήνα-Κέντρο,,text,2026-10-02
https://goldenhome.gr/property/view/460926,attica,Αθήνα-Κέντρο,,text,2026-10-02
https://goldenhome.gr/property/view/496964,other,,,address,2026-10-02
https://goldenhome.gr/property/view/496967,other,,,address,2026-10-02
https://goldenhome.gr/property/view/496968,other,,,address,2026-10-02
https://goldenhome.gr/property/view/496970,other,,,address,2026-10-02
https://goldenhome.gr/property/view/498636,other,,,address,2026-10-02
https://goldenhome.gr/property/view/501402,other,,,address,2026-10-02
https://goldenhome.gr/property/view/535605,other,,,address,2026-10-02
https://goldenhome.gr/property/view/537073,,,,,2026-10-02
https://goldenhome.gr/property/view/539084,attica,Σπάτα-Αρτέμιδα,,text,2026-10-02
https://goldenhome.gr/property/view/539191,,,,,2026-10-02
https://goldenhome.gr/property/view/539521,,,,,2026-10-02
https://goldenhome.gr/property/view/539524,,,,,2026-10-02
https://goldenhome.gr/property/view/539682,other,,,address,2026-10-02
https://goldenhome.gr/property/view/539848,other,,,address,2026-10-02
https://hausolutions.gr/property/109-sqm-villa-in-a-1100-plot-in-mani/,,,,,2026-10-02
https://hausolutions.gr/property/128-sqm-chalet-in-parnasos/,,,,,2026-10-02
https://hausolutions.gr/property/160-sqm-villa-in-kokkari-samos-near-the-beach/,,,,,2026-10-02
https://hausolutions.gr/property/230-sqm-villa-in-kokkari-samos/,,,,,2026-10-02
https://hausolutions.gr/property/800-sqm-tranditional-guesthouse-in-pelio/,,,,,2026-10-02
https://hausolutions.gr/property/beautiful-334-sqm-villa-at-oraia-eleni/,,,,,2026-10-02
https://hlm.gr/index.php/el/properties/4-oikopedo-1187-t-m,attica,Μαραθώνας,,text,2026-10-02
https://horizonrealestate.gr/buy/136-kalogreza-oikopedo-300-m,,,,,2026-10-02
https://instaproperties.gr/property/0001-2/,,,,,2026-10-02
https://instaproperties.gr/property/0002-2/,,,,,2026-10-02
https://instaproperties.gr/property/0003-2/,,,,,2026-10-02
https://instaproperties.gr/property/0005-2/,,,,,2026-10-02
https://kroikos.gr/el/katoikies/enoikiasi/2673-last-floor-170-m2-penthouse-with-wide-open-views,attica,Παλαιό Φάληρο,,text,2026-10-02
https://ktimatoemporiki.gr/property/apartment-for-golden-visa-in-athens-for-sale-id-a4-10698,attica,Πεντέλη,,address,2026-10-02
https://ktimatoemporiki.gr/property/apartment-for-rent-in-politeia-athens-id-a01-756,attica,Κηφισιά,,address,2026-10-02
https://ktimatoemporiki.gr/property/apartment-for-sale-in-ambelokipoi-athens-id-a4-13371,attica,Αθήνα-Κέντρο,,address,2026-10-02
https://ktimatoemporiki.gr/property/apartment-for-sale-in-athens-city-center-id-a4-7035,attica,Αθήνα-Κέντρο,,breadcrumb,2026-10-02
https://ktimatoemporiki.gr/property/apartment-for-sale-in-athens-golden-visa-eligible-id-a4-13539,attica,Αθήνα-Κέντρο,,address,2026-10-02
https://ktimatoemporiki.gr/property/apartment-for-sale-in-athens-id-a4-12938,attica,Ελληνικό-Αργυρούπολη,,address,2026-10-02
https://ktimatoemporiki.gr/property/apartment-for-sale-in-athens-id-a4-4006,attica,Αθήνα-Κέντρο,,breadcrumb,2026-10-02
https://ktimatoemporiki.gr/property/apartment-for-sale-in-athens-id-a4-8872,attica,Αθήνα-Κέντρο,,address,2026-10-02
https://ktimatoemporiki.gr/property/apartment-for-sale-in-athens-id-a4-9383,attica,Αθήνα-Κέντρο,,address,2026-10-02
https://ktimatoemporiki.gr/property/apartment-for-sale-in-athens-id-a4-9852,attica,Αγία Παρασκευή,,address,2026-10-02
https://ktimatoemporiki.gr/property/apartment-for-sale-in-athens-neapolis-id-a4-3502,attica,Αθήνα-Κέντρο,,address,2026-10-02
https://ktimatoemporiki.gr/property/apartment-for-sale-in-athens-pagrati-id-a4-3162,attica,Αθήνα-Κέντρο,,address,2026-10-02
https://ktimatoemporiki.gr/property/apartment-for-sale-in-gizi-athens-id-a4-6827,attica,Αθήνα-Κέντρο,,breadcrumb,2026-10-02
https://ktimatoemporiki.gr/property/apartment-for-sale-in-lycabettus-athens-id-a4-7869,attica,Αθήνα-Κέντρο,,address,2026-10-02
https://ktimatoemporiki.gr/property/apartment-for-sale-in-pagrati-athens-id-a4-3163,attica,Αθήνα-Κέντρο,,address,2026-10-02
https://ktimatoemporiki.gr/property/apartment-for-sale-in-pagrati-athens-id-a4-3164,attica,Αθήνα-Κέντρο,,address,2026-10-02
https://ktimatoemporiki.gr/property/apartment-for-sale-in-thiseio-athens-id-a4-3196,attica,Αθήνα-Κέντρο,,breadcrumb,2026-10-02
https://ktimatoemporiki.gr/property/apartment-for-sale-in-victoria-square-athens-id-a4-11831,attica,Αθήνα-Κέντρο,,breadcrumb,2026-10-02
https://ktimatoemporiki.gr/property/apartment-in-athens-for-golden-visa-for-sale-id-a4-10715,attica,Αθήνα-Κέντρο,,breadcrumb,2026-10-02
https://ktimatoemporiki.gr/property/apartment-in-athens-for-sale-id-a4-9892,attica,Ελληνικό-Αργυρούπολη,,address,2026-10-02
https://ktimatoemporiki.gr/property/apartment-in-athens-for-sale-in-pagrati-id-a4-3167,attica,Αθήνα-Κέντρο,,address,2026-10-02
https://ktimatoemporiki.gr/property/apartment-in-pagrati-for-sale-in-athens-id-a4-3169,attica,Αθήνα-Κέντρο,,address,2026-10-02
https://ktimatoemporiki.gr/property/athens-apartment-for-sale-id-a4-12917,attica,Αθήνα-Κέντρο,,address,2026-10-02
https://ktimatoemporiki.gr/property/athens-apartment-in-pagrati-for-sale-id-a4-3171,attica,Αθήνα-Κέντρο,,address,2026-10-02
https://ktimatoemporiki.gr/property/athens-for-sale-apartment-in-amerikis-square-id-a4-2368,,,,,2026-10-02
https://ktimatoemporiki.gr/property/athens-golden-visa-apartment-for-sale-id-a4-12906,attica,Αθήνα-Κέντρο,,address,2026-10-02
https://ktimatoemporiki.gr/property/athens-golden-visa-eligible-apartment-for-sale-id-a4-13541,attica,Αθήνα-Κέντρο,,address,2026-10-02
https://ktimatoemporiki.gr/property/athens-pagrati-apartment-for-sale-id-a4-3172,attica,Αθήνα-Κέντρο,,address,2026-10-02
https://ktimatoemporiki.gr/property/athens-penthouse-for-sale-id-a4-8738,attica,Ηλιούπολη,,address,2026-10-02
https://ktimatoemporiki.gr/property/athens-penthouse-for-sale-in-pagrati-id-a4-3177,attica,Αθήνα-Κέντρο,,address,2026-10-02
https://ktimatoemporiki.gr/property/boutique-hotel-for-sale-in-thissio-athens-id-a2-800,attica,Αθήνα-Κέντρο,,breadcrumb,2026-10-02
https://ktimatoemporiki.gr/property/building-for-sale-in-votanikos-athens-id-ab-1713,attica,Αθήνα-Κέντρο,,address,2026-10-02
https://ktimatoemporiki.gr/property/duplex-apartment-for-sale-in-athens-a4-7736,attica,Αθήνα-Κέντρο,,breadcrumb,2026-10-02
https://ktimatoemporiki.gr/property/duplex-penthouse-apartmet-for-sale-in-votanikos-athens-id-a4-13512,attica,Αθήνα-Κέντρο,,address,2026-10-02
https://ktimatoemporiki.gr/property/five-bedroom-maisonette-for-sale-in-filopappou-athens-id-a4-11555,attica,Αθήνα-Κέντρο,,breadcrumb,2026-10-02
https://ktimatoemporiki.gr/property/for-sale-hotel-in-athens-greece-id-a2-523,attica,Γλυφάδα,,address,2026-10-02
https://ktimatoemporiki.gr/property/fourth-floor-golden-visa-apartment-for-sale-in-athens-id-a4-13543,attica,Αθήνα-Κέντρο,,address,2026-10-02
https://ktimatoemporiki.gr/property/golden-visa-apartment-in-athens-for-sale-id-a4-11108,attica,Αθήνα-Κέντρο,,breadcrumb,2026-10-02
https://ktimatoemporiki.gr/property/golden-visa-apartment-in-athens-for-sale-id-a4-11113,attica,Αθήνα-Κέντρο,,breadcrumb,2026-10-02
https://ktimatoemporiki.gr/property/golden-visa-eligible-apartment-for-sale-in-athens-id-a4-13540,attica,Αθήνα-Κέντρο,,address,2026-10-02
https://ktimatoemporiki.gr/property/golden-visa-ground-floor-apartment-for-sale-in-athens-id-a4-13542,attica,Αθήνα-Κέντρο,,address,2026-10-02
https://ktimatoemporiki.gr/property/golden-visa-two-bedroom-apartment-for-sale-in-athens-id-a4-11802,attica,Αθήνα-Κέντρο,,breadcrumb,2026-10-02
https://ktimatoemporiki.gr/property/golden-visa-two-bedroom-apartment-in-athens-for-sale-id-a4-11130,attica,Αθήνα-Κέντρο,,breadcrumb,2026-10-02
https://ktimatoemporiki.gr/property/house-for-rent-in-pagrati-id-a01-1419,attica,Αθήνα-Κέντρο,,breadcrumb,2026-10-02
https://ktimatoemporiki.gr/property/house-for-sale-in-athens-id-a4-8698,attica,Κηφισιά,,address,2026-10-02
https://ktimatoemporiki.gr/property/house-for-sale-in-attica-ippokratios-politia-id-a4-4109,attica,Ελευσίνα-Ασπρόπυργος,,text,2026-10-02
https://ktimatoemporiki.gr/property/investment-building-for-sale-in-athens-id-ab-900,attica,Ίλιον,,address,2026-10-02
https://ktimatoemporiki.gr/property/investment-building-for-sale-in-lycabettus-athens-id-ab-1711,attica,Αθήνα-Κέντρο,,address,2026-10-02
https://ktimatoemporiki.gr/property/luxury-maisonette-for-sale-in-votanikos-athens-id-a4-13509,attica,Αθήνα-Κέντρο,,address,2026-10-02
https://ktimatoemporiki.gr/property/maisonette-for-sale-in-votanikos-athens-id-a4-13510,attica,Αθήνα-Κέντρο,,address,2026-10-02
https://ktimatoemporiki.gr/property/modern-one-bedroom-apartment-for-sale-in-athens-city-center-id-a4-7868,attica,Αθήνα-Κέντρο,,breadcrumb,2026-10-02
https://ktimatoemporiki.gr/property/one-bedroom-apartment-in-athens-id-a4-11018,attica,Καισαριανή,,address,2026-10-02
https://ktimatoemporiki.gr/property/pagrati-apartment-in-athens-for-sale-id-a4-3175,attica,Αθήνα-Κέντρο,,address,2026-10-02
https://ktimatoemporiki.gr/property/pagrati-athens-apartment-for-sale-id-a4-3173,attica,Αθήνα-Κέντρο,,address,2026-10-02
https://ktimatoemporiki.gr/property/penthouse-in-athens-city-center-for-sale-id-a4-10558,attica,Αθήνα-Κέντρο,,text,2026-10-02
https://ktimatoemporiki.gr/property/penthouse-maisonette-for-sale-in-votanikos-athens-id-a4-13511,attica,Αθήνα-Κέντρο,,address,2026-10-02
https://ktimatoemporiki.gr/property/penthouse-maizonette-for-sale-in-athens-id-a4-12999,attica,Γλυφάδα,,address,2026-10-02
https://ktimatoemporiki.gr/property/renovated-penthouse-apartment-for-sale-in-athens-id-a4-13374,attica,Αθήνα-Κέντρο,,breadcrumb,2026-10-02
https://ktimatoemporiki.gr/property/seafront-hotel-in-kalamos-attica-id-a2-804,,,,,2026-10-02
https://ktimatoemporiki.gr/property/studio-for-sale-in-athens-id-a4-12405,attica,Αθήνα-Κέντρο,,breadcrumb,2026-10-02
https://ktimatoemporiki.gr/property/studio-in-athens-for-sale-id-a4-9654,attica,Καλλιθέα,,address,2026-10-02
https://ktimatoemporiki.gr/property/three-bedroom-apartment-for-sale-in-athens-city-center-id-a4-8061,attica,Αθήνα-Κέντρο,,breadcrumb,2026-10-02
https://ktimatoemporiki.gr/property/two-bedroom-apartment-for-golden-visa-in-athens-for-sale-id-a4-11314,attica,Ηλιούπολη,,address,2026-10-02
https://ktimatoemporiki.gr/property/two-bedroom-apartment-for-sale-in-athens-id-a4-4954,attica,Αθήνα-Κέντρο,,breadcrumb,2026-10-02
https://ktimatoemporiki.gr/property/two-bedroom-apartment-for-sale-in-athens-pagrati-id-a4-3165,attica,Αθήνα-Κέντρο,,address,2026-10-02
https://ktimatoemporiki.gr/property/two-bedroom-apartment-for-sale-in-center-athens-id-a4-11253,attica,Αθήνα-Κέντρο,,breadcrumb,2026-10-02
https://ktimatoemporiki.gr/property/two-bedroom-apartment-for-sale-in-platia-attikis-athens-id-a4-1403,attica,Αθήνα-Κέντρο,,breadcrumb,2026-10-02
https://ktimatoemporiki.gr/property/two-bedroom-apartment-in-athens-for-sale-id-a4-8616,attica,Αθήνα-Κέντρο,,address,2026-10-02
https://ktimatoemporiki.gr/property/two-bedroom-house-for-sale-in-agia-marina-athens-id-a4-11863,,,,,2026-10-02
https://livhomes.gr/property_category/golden-visa-e-250000/,,,,,2026-10-02
https://livhomes.gr/property_category/under-e-250000/,,,,,2026-10-02
https://livhomes.gr/property_status/golden-visa-e-250000/,,,,,2026-10-02
https://makeadeal.gr/el/properties/%ce%bc%ce%b5%ce%b3%ce%ac%ce%bb%ce%bf-%cf%80%ce%b1%cf%81%ce%b1%ce%b8%ce%b1%ce%bb%ce%ac%cf%83%cf%83%ce%b9%ce%bf-%ce%bf%ce%b9%ce%ba%cf%8c%cf%80%ce%b5%ce%b4%ce%bf-30-000%cf%84%ce%bc-%cf%83%cf%84%ce%bf/,other,,,breadcrumb,2026-10-02
https://makeadeal.gr/el/properties/%cf%80%ce%b1%cf%81%ce%b1%ce%b4%ce%bf%cf%83%ce%b9%ce%b1%ce%ba%cf%8c-%cf%80%ce%ad%cf%84%cf%81%ce%b9%ce%bd%ce%bf-%cf%83%cf%80%ce%af%cf%84%ce%b9-290%ce%bc%c2%b2-%cf%83%cf%84%ce%bf-%ce%ba%ce%bf%cf%80%ce%b1/,,,,,2026-10-02
https://makeadeal.gr/properties/scenic-seaside-retreat-spacious-219m%c2%b2-maisonette-in-nea-epidavros-with-stunning-sea-views/,,,,,2026-10-02
https://marinisrealestate.gr/estate_property/agrotemachio-16-270-tm-pros-polisi-periochi-schinos/,,,,,2026-10-02
https://marinisrealestate.gr/estate_property/isthmia-monokatoikia-200tm-oikopedo-1080-entos-schedioy-200-metra-apo-thalassa/,,,,,2026-10-02
https://marinisrealestate.gr/estate_property/monokatoikia-600-tm-pros-polisi-kataskeyis-2002-vrisketai-stin-periochi-kavo-isthmias/,attica,Σαρωνικός,,text,2026-10-02
https://marinisrealestate.gr/estate_property/poleitai-diamerisma-100-m2-protoy-orofoy/,,,,,2026-10-02
https://marinisrealestate.gr/estate_property/poleitai-dyo-oikopeda-synolikoy-emvadoy-850-tm-500-tm-amp-350-tm/,other,,,label,2026-10-02
https://marinisrealestate.gr/estate_property/poleitai-ektasi-5-711-tm-kod-akin-5803/,other,,,label,2026-10-02
https://marinisrealestate.gr/estate_property/poleitai-mezoneta-trion-epipedon-2-ypnodomatia-diamperes-150-tm-thea/,,,,,2026-10-02
https://marinisrealestate.gr/estate_property/poleitai-monokatoikia-aytonomi-mezoneta-120-tetragonikon-metron/,,,,,2026-10-02
https://marinisrealestate.gr/estate_property/poleitai-oikopedo-2000-tm-sti-periochi-galota-isthmoy/,,,,,2026-10-02
https://marinisrealestate.gr/estate_property/poleitai-oikopedo-400-tm-stin-entos-schedioy-periochi-leivadaki-rigani/,,,,,2026-10-02
https://marinisrealestate.gr/estate_property/poleitai-oikopedo-700-t-m/,,,,,2026-10-02
https://marinisrealestate.gr/estate_property/poleitai-oikopedo-diamperes-10-000-t-m-me-bebaiosi-oron-domisis-kai-egkrisi-oikodomikis-adeias/,,,,,2026-10-02
https://marinisrealestate.gr/estate_property/poleitai-oikopedo-emvadoy-1100-tm-stin-periochi-livadaki/,,,,,2026-10-02
https://marinisrealestate.gr/estate_property/poleitai-paraliako-akinito-120-tm-se-oikopedo-440-tm/,,,,,2026-10-02
https://marinisrealestate.gr/estate_property/poleitai-polyteles-diamerisma-styl-mezonetas-stin-mytilini-196tm/,,,,,2026-10-02
https://marinisrealestate.gr/estate_property/poleitai-polytelis-pliros-epiplomeni-exochiki-katoikia-218-tm-kyrion-choron-kai-127-tm-voithitikon-synolo-ktismaton-345-tm-nomima/,,,,,2026-10-02
https://marinisrealestate.gr/estate_property/poleitai-retire-diamerisma-6oy-orofoy-43-tm-veranta-100tm-anakainismeno-kai-epiplomeno/,,,,,2026-10-02
https://marinisrealestate.gr/estate_property/polietai-oikopedo-500-tm-entos-schedioy-perigiali/,,,,,2026-10-02
https://marinisrealestate.gr/estate_property/poloyntai-oikopeda-agrotemachia-ektaseos-apo-2000-tm-4000-tm-5000-tm-8000tm-ekasto/,,,,,2026-10-02
https://marylandpropertyservices.gr/2023-2/,,,,,2026-10-02
https://marylandpropertyservices.gr/airbnb-%ce%b5%ce%bb%ce%bb%ce%ac%ce%b4%ce%b1-2025-%cf%83%cf%85%ce%bc%ce%b2%ce%bf%cf%85%ce%bb%ce%ad%cf%82-%ce%b3%ce%b9%ce%b1-%cf%84%ce%b7%ce%bd-%ce%ba%ce%b1%cf%84%ce%ac%ce%bb%ce%bb%ce%b7%ce%bb%ce%b7/,,,,,2026-10-02
https://marylandpropertyservices.gr/akinita-poy-tha-vreite-katoikies-kato-ton-50-000-evro/,,,,,2026-10-02
https://marylandpropertyservices.gr/allazoun-ola-sti-forologia-akiniton-apo-to-2016/,,,,,2026-10-02
https://marylandpropertyservices.gr/antikeimenikes-times-antistrofi-metrisi-gia-afksiseis-se-13-970-zones/,,,,,2026-10-02
https://marylandpropertyservices.gr/ependyseis-300-ekat-se-emporika-akinita-anamenontai-fetos/,,,,,2026-10-02
https://marylandpropertyservices.gr/foroi-akiniton-epanasxediasmos-apo-mideniki-vasi-nea-klimakia-syntelestes-apo-to-2022/,,,,,2026-10-02
https://marylandpropertyservices.gr/fthinoteri-i-metavivasi-akiniton-eos-120-xil-evro/,,,,,2026-10-02
https://marylandpropertyservices.gr/key-data-2023/,,,,,2026-10-02
https://marylandpropertyservices.gr/krax-sta-akinita-poy-poloyntai-spitia-me-3-000-evro/,,,,,2026-10-02
https://marylandpropertyservices.gr/me-40-000-agorazeis-diamerisma-100-t-m/,,,,,2026-10-02
https://marylandpropertyservices.gr/mini-forologiko-nomosxedio-oi-allages-ston-enfia-kai-tis-120-doseis/,,,,,2026-10-02
https://marylandpropertyservices.gr/poia-einai-ta-dedomena-stis-vraxyxronies-misthoseis-to-2021/,,,,,2026-10-02
https://marylandpropertyservices.gr/se-eksarsi-i-ypenoikiasi-katoikion-se-touristes-sto-kentro-tis-athinas-452/,,,,,2026-10-02
https://marylandpropertyservices.gr/se-poia-perioxi-tis-elladas-diatithentai-660-diamerismata-meso-airbnb-molis-76-gia-enoikio/,,,,,2026-10-02
https://marylandpropertyservices.gr/ta-akinita-tis-krisis-diamerismata-pou-poloyntai-anti-4-000-evro/,,,,,2026-10-02
https://marylandpropertyservices.gr/ta-apoklira-akinita-pou-dimioyrgise-i-oikonomiki-krisi-403/,,,,,2026-10-02
https://marylandpropertyservices.gr/ti-tha-ginei-to-2015-gia-katoikies/,,,,,2026-10-02
https://northchoice-realestate.gr/property.php?id=176,,,,,2026-10-02
https://northchoice-realestate.gr/property.php?id=189,,,,,2026-10-02
https://northchoice-realestate.gr/property.php?id=279,,,,,2026-10-02
https://olympicrealty.gr/property/diamerisma-256/,,,,,2026-10-02
https://premia.properties/deltio-typou-psifos-ebistosynis-stin-premia-i-epitychimeni-ekdosi-omologou-e150-ekat-_03-04-2026/,,,,,2026-10-02
https://realestateone.gr/el/rent/101-athens-north/residential,attica,Αμαρούσιο,,text,2026-10-02
https://realestateone.gr/el/rent/102-athens-south/residential,attica,Καισαριανή,,text,2026-10-02
https://realestateone.gr/el/rent/103-athens-west/residential,attica,Αιγάλεω,,text,2026-10-02
https://realestateone.gr/el/rent/104-athens-east/residential,attica,Παλλήνη-Γέρακας,,text,2026-10-02
https://relliarealestate.gr/listing-preview/apartment-190-sqm-tzitzifies1/,attica,Καλλιθέα,,text,2026-10-02
https://relliarealestate.gr/listing-preview/building-57655-sq-m-filopappou1/,,,,,2026-10-02
https://rokaestate.gr/akinito/3998-2,,,,,2026-10-02
https://rokaestate.gr/oikopedo/%ce%bf%ce%b9%ce%ba%cf%8c%cf%80%ce%b5%ce%b4%ce%bf-%cf%83%cf%84%ce%b7-%ce%b2%cf%8c%cf%87%ce%b1-300-%cf%84-%ce%bc,,,,,2026-10-02
https://rokaestate.gr/oikopedo/%ce%bf%ce%b9%ce%ba%cf%8c%cf%80%ce%b5%ce%b4%ce%bf-%cf%83%cf%84%ce%b7-%cf%83%ce%bf%ce%bb%cf%8d%ce%b3%ce%b5%ce%b9%ce%b1-1300-%cf%84-%ce%bc,,,,,2026-10-02
https://rokaestate.gr/oikopedo/%ce%bf%ce%b9%ce%ba%cf%8c%cf%80%ce%b5%ce%b4%ce%bf-%cf%83%cf%84%ce%bf-%ce%ba%ce%b1%cf%80%ce%b1%ce%bd%ce%b4%cf%81%ce%af%cf%84%ce%b9-4800-%cf%84-%ce%bc,,,,,2026-10-02
https://rokaestate.gr/oikopedo/%ce%bf%ce%b9%ce%ba%cf%8c%cf%80%ce%b5%ce%b4%ce%bf-%cf%83%cf%84%ce%bf-%ce%ba%cf%81%ce%b1%ce%bd%ce%af%ce%b4%ce%b9-2000-%cf%84-%ce%bc,,,,,2026-10-02
https://southviewrealestate.com/agents/httpswwwsouthviewinternationalcomapartment-in-estepona-estepona-este-with-swimming-pool-gb1251935html,,,,,2026-10-02
https://southviewrealestate.com/properties/21820-marylee-street-222-woodland-hills-ca-us-91367-sr24005737,,,,,2026-10-02
https://spitionline.gr/el/listings/search/buy/detached-house/synikismos-nomou751-panorama,,,,,2026-10-02
https://spitionline.gr/el/listings/search/buy/home/multiple-135%2C143%2C167%2C181%2C188%2C209%2C214%2C220%2C221%2C225%2C229%2C241%2C248%2C263%2C268%2C275%2C32329?filters=W3siMTQ1Ijp7Im1pblZhbHVlIjoyMDIwfX0seyIxNDgiOnsidmFsdWVzIjpbNTQzNSw2MDU1XX19XQ%3D%3D,,,,,2026-10-02
https://spitionline.gr/el/listings/search/buy/home/multiple-135%2C143%2C167%2C181%2C188%2C209%2C214%2C220%2C221%2C225%2C229%2C241%2C248%2C263%2C268%2C275%2C32329?filters=W3siMzUyIjp7Im1pblZhbHVlIjoxMjB9fSx7IjUzOSI6eyJtaW5WYWx1ZSI6ODAwMDAwLCJtYXhWYWx1ZSI6MTIwMDAwMH19XQ%3D%3D,,,,,2026-10-02
https://spitionline.gr/el/listings/search/buy/home/multiple-135%2C143%2C167%2C181%2C188%2C209%2C214%2C220%2C221%2C225%2C229%2C241%2C248%2C263%2C268%2C275%2C32329?filters=W3siNDgxIjp7Im1heFZhbHVlIjoxNTAwfX0seyI1MzkiOnsibWluVmFsdWUiOjEwMDAwfX1d,,,,,2026-10-02
https://spitionline.gr/el/listings/search/buy/home/multiple-181%2C248%2C275?filters=W3siNDgxIjp7Im1pblZhbHVlIjo4MDAwfX1d,,,,,2026-10-02
https://spitionline.gr/el/listings/search/buy/home/multiple-287%2C294%2C297%2C305%2C312%2C316%2C330%2C342%2C353%2C369%2C374%2C386%2C392?filters=W3siMTQ1Ijp7Im1pblZhbHVlIjoyMDIwfX0seyIxNDgiOnsidmFsdWVzIjpbNTQzNSw2MDU1XX19XQ%3D%3D,,,,,2026-10-02
https://spitionline.gr/el/listings/search/buy/home/multiple-287%2C294%2C297%2C305%2C312%2C316%2C330%2C342%2C353%2C369%2C374%2C386%2C392?filters=W3siMzUyIjp7Im1pblZhbHVlIjoxMjB9fSx7IjUzOSI6eyJtaW5WYWx1ZSI6ODAwMDAwLCJtYXhWYWx1ZSI6MTIwMDAwMH19XQ%3D%3D,,,,,2026-10-02
https://spitionline.gr/el/listings/search/buy/home/multiple-287%2C294%2C297%2C305%2C312%2C316%2C330%2C342%2C353%2C369%2C374%2C386%2C392?filters=W3siNDgxIjp7Im1heFZhbHVlIjoxNTAwfX0seyI1MzkiOnsibWluVmFsdWUiOjEwMDAwfX1d,,,,,2026-10-02
https://spitionline.gr/el/listings/search/buy/home/multiple-312%2C316%2C330%2C342?filters=W3siNDgxIjp7Im1pblZhbHVlIjoxMDAwMH19XQ%3D%3D,,,,,2026-10-02
https://spitionline.gr/el/listings/search/buy/home/synikismos-nomou751-panorama,,,,,2026-10-02
https://spitionline.gr/el/listings/search/buy/maisonette/synikismos-nomou751-panorama,,,,,2026-10-02
https://spitionline.gr/el/listings/search/rent/home/multiple-13%2C25%2C84%2C103%2C335%2C369?filters=W3siMzUyIjp7Im1heFZhbHVlIjo4MH19LHsiNTM5Ijp7Im1heFZhbHVlIjo3MDB9fV0%3D,,,,,2026-10-02
https://spitionline.gr/el/listings/search/rent/home/multiple-135%2C143%2C167%2C181%2C188%2C209%2C214%2C220%2C221%2C225%2C229%2C241%2C248%2C263%2C268%2C275%2C32329?filters=W3siMTQ2Ijp7InZhbHVlcyI6WzEzNDRdfX1d,,,,,2026-10-02
https://spitionline.gr/el/listings/search/rent/home/multiple-287%2C294%2C297%2C305%2C312%2C316%2C330%2C342%2C353%2C369%2C374%2C386%2C392?filters=W3siMTQ2Ijp7InZhbHVlcyI6WzEzNDRdfX1d,,,,,2026-10-02
https://spitionline.gr/el/listings/search/rent/home/multiple-3609%2C3624%2C15749%2C15755%2C19414%2C19416%2C32473%2C59227?filters=W3siMzUyIjp7Im1heFZhbHVlIjo3MH19LHsiNTM5Ijp7Im1heFZhbHVlIjo2MDB9fV0%3D,,,,,2026-10-02
https://spitionline.gr/el/listings/search/rent/home/multiple-417%2C524?filters=W3siMzUyIjp7Im1heFZhbHVlIjo4MH19LHsiNTM5Ijp7Im1heFZhbHVlIjo3MDB9fV0%3D,,,,,2026-10-02
https://spitionline.gr/el/listings/search/rent/home/multiple-623%2C625%2C658%2C673?filters=W3siMzUyIjp7Im1heFZhbHVlIjo4MH19LHsiNTM5Ijp7Im1heFZhbHVlIjo3MDB9fV0%3D,,,,,2026-10-02
https://terra-greca.gr/akinita/1038726-%ce%be%ce%b5%ce%bd%ce%bf%ce%b4%ce%bf%cf%87%ce%b5%ce%af%ce%bf-%cf%80%cf%81%ce%bf%cf%82-%cf%80%cf%8e%ce%bb%ce%b7%cf%83%ce%b7-%ce%ba%cf%81%ce%b1%ce%bd%ce%af%ce%b4%ce%b9-570-%cf%84-%ce%bc-e1/,,,,,2026-10-02
https://terra-greca.gr/akinita/1519313-%ce%b4%ce%b9%ce%b1%ce%bc%ce%ad%cf%81%ce%b9%cf%83%ce%bc%ce%b1-%cf%80%cf%81%ce%bf%cf%82-%cf%80%cf%8e%ce%bb%ce%b7%cf%83%ce%b7-%ce%b1%cf%84%cf%84%ce%b9%ce%ba%ce%ae-51-%cf%84-%ce%bc-e120-000/,,,,,2026-10-02
https://terra-greca.gr/akinita/1522419-%ce%b4%ce%b9%ce%b1%ce%bc%ce%ad%cf%81%ce%b9%cf%83%ce%bc%ce%b1-%cf%80%cf%81%ce%bf%cf%82-%cf%80%cf%8e%ce%bb%ce%b7%cf%83%ce%b7-%ce%ac%ce%b3%ce%b9%ce%bf%cf%82-%ce%b5%ce%bb%ce%b5%cf%85%ce%b8/,,,,,2026-10-02
https://terra-greca.gr/akinita/1902650-studio-%ce%b3%ce%ba%ce%b1%cf%81%cf%83%ce%bf%ce%bd%ce%b9%ce%ad%cf%81%ce%b1-%cf%80%cf%81%ce%bf%cf%82-%cf%80%cf%8e%ce%bb%ce%b7%cf%83%ce%b7-%ce%ac%ce%b3%ce%b9%ce%bf%cf%82-%ce%b5%ce%bb%ce%b5/,,,,,2026-10-02
https://terra-greca.gr/akinita/212677-%ce%bc%ce%b5%ce%b6%ce%bf%ce%bd%ce%ad%cf%84%ce%b1-%cf%80%cf%81%ce%bf%cf%82-%cf%80%cf%8e%ce%bb%ce%b7%cf%83%ce%b7-%ce%b1%ce%bd%ce%b8%ce%b7%ce%b4%cf%8e%ce%bd%ce%bf%cf%82-94-%cf%84-%ce%bc-e253/,,,,,2026-10-02
https://terra-greca.gr/akinita/2277485-%ce%b4%ce%b9%ce%b1%ce%bc%ce%ad%cf%81%ce%b9%cf%83%ce%bc%ce%b1-%cf%80%cf%81%ce%bf%cf%82-%cf%80%cf%8e%ce%bb%ce%b7%cf%83%ce%b7-%ce%b1%cf%84%cf%84%ce%b9%ce%ba%ce%ae-85-%cf%84-%ce%bc-e180-000/,,,,,2026-10-02
https://terra-greca.gr/akinita/836373-%ce%b4%ce%b9%ce%b1%ce%bc%ce%ad%cf%81%ce%b9%cf%83%ce%bc%ce%b1-%cf%80%cf%81%ce%bf%cf%82-%cf%80%cf%8e%ce%bb%ce%b7%cf%83%ce%b7-%cf%87%cf%89%cf%81%ce%af%cf%82-%ce%b1%cf%83%ce%b1%ce%bd%cf%83%ce%ad/,,,,,2026-10-02
https://terra-greca.gr/akinita/924058-%ce%bf%ce%b9%ce%ba%cf%8c%cf%80%ce%b5%ce%b4%ce%bf-%cf%80%cf%81%ce%bf%cf%82-%cf%80%cf%8e%ce%bb%ce%b7%cf%83%ce%b7-%cf%83%ce%ba%ce%b9%ce%bb%ce%bf%cf%8d%ce%bd%cf%84%ce%b1-20-770-%cf%84-%ce%bc/,,,,,2026-10-02
https://terra-greca.gr/akinita/952589-%ce%b1%ce%b3%cf%81%ce%bf%cf%84%ce%b5%ce%bc%ce%ac%cf%87%ce%b9%ce%bf-%cf%80%cf%81%ce%bf%cf%82-%cf%80%cf%8e%ce%bb%ce%b7%cf%83%ce%b7-%cf%84%ce%b5%ce%bd%ce%ad%ce%b1-35-000-%cf%84-%ce%bc-e185-0/,,,,,2026-10-02
https://terraproperty.gr/akinita/athina-kentro-athina-kentro-ktirio-grafeion-1000-tm-pros-polisi-352101,attica,Περιστέρι,,address,2026-10-02
https://terraproperty.gr/akinita/attiki-ktirio-1200-tm-pros-polisi-3458,,,,,2026-10-02
https://terraproperty.gr/akinita/notia-athina-ktirio-2585-tm-pros-polisi-3555,,,,,2026-10-02
https://theprosperty.com/listings/17779/,attica,Λαυρεωτική,,text,2026-10-02
https://topos-solutions.gr/property/1805449-amorgos/,,,,,2026-10-02
https://topos-solutions.gr/property/1833252-agiaparaskevi/,attica,Αγία Παρασκευή,,text,2026-10-02
https://topos-solutions.gr/property/1904580-athens/,,,,,2026-10-02
https://topos-solutions.gr/property/2080842-athens/,,,,,2026-10-02
https://topos-solutions.gr/property/749548-athina/,attica,Αθήνα-Κέντρο,,text,2026-10-02
https://tsrealestate.gr/el/property/15858,,,,,2026-10-02
https://tsrealestate.gr/el/property/15867,,,,,2026-10-02
https://uptownhomes.gr/property/%ce%b4%ce%b9%ce%b1%ce%bc%ce%ad%cf%81%ce%b9%cf%83%ce%bc%ce%b1-110-%cf%84-%ce%bc-%ce%ac%ce%b3%ce%b9%ce%bf%cf%82-%ce%bd%ce%b9%ce%ba%cf%8c%ce%bb%ce%b1%ce%bf%cf%82/,,,,,2026-10-02
https://uptownhomes.gr/property/%ce%b4%ce%b9%ce%b1%ce%bc%ce%ad%cf%81%ce%b9%cf%83%ce%bc%ce%b1-180%cf%84-%ce%bc-%cf%80%ce%bf%ce%bb%ce%b9%cf%84%ce%b5%ce%af%ce%b1/,,,,,2026-10-02
https://uptownhomes.gr/property/%ce%b4%ce%b9%ce%b1%ce%bc%ce%ad%cf%81%ce%b9%cf%83%ce%bc%ce%b152%cf%84-%ce%bc-%ce%ac%ce%b3%ce%b9%ce%bf%cf%82-%cf%80%ce%b1%ce%bd%cf%84%ce%b5%ce%bb%ce%b5%ce%ae%ce%bc%ce%bf%ce%bd%ce%b1%cf%82/,,,,,2026-10-02
https://uptownhomes.gr/property/%ce%bc%ce%b5%ce%b6%ce%bf%ce%bd%ce%ad%cf%84%ce%b1-150%cf%84-%ce%bc-%ce%ac%ce%bd%ce%bf%ce%b9%ce%be%ce%b7/,,,,,2026-10-02
https://uptownhomes.gr/property/%ce%bc%ce%bf%ce%bd%ce%bf%ce%ba%ce%b1%cf%84%ce%bf%ce%b9%ce%ba%ce%af%ce%b1-110%cf%84-%ce%bc-%ce%b1%ce%b4%ce%ac%ce%bc%ce%b5%cf%82/,,,,,2026-10-02
https://valuerealestate.gr/property/%ce%b1%ce%b3%cf%81%ce%bf%cf%84%ce%b5%ce%bc%ce%b1%cf%87%ce%b9%ce%bf-%cf%83%cf%84%ce%b7-%ce%ba%ce%b1%cf%84%ce%b1%ce%b2%ce%bf%ce%b8%cf%81%ce%b1-10-000%cf%84%ce%bc-50-000e/,,,,,2026-10-02
https://valuerealestate.gr/property/%ce%b1%ce%b3%cf%81%ce%bf%cf%84%ce%b5%ce%bc%ce%b1%cf%87%ce%b9%ce%bf-%cf%83%cf%84%ce%bf-%ce%ba%ce%b1%cf%81%cf%84%ce%b5%cf%81%ce%b9-19-200%cf%84%ce%bc-200-000e/,,,,,2026-10-02
https://valuerealestate.gr/property/%ce%b1%ce%b7-2222%ce%ba%ce%b5%ce%bd%cf%84%cf%81%ce%b9%ce%ba%ce%bf-%ce%ba%ce%b1%cf%84%ce%b1%cf%83%cf%84%ce%b7%ce%bc%ce%b1-%ce%b7%ce%b3%ce%bf%cf%85%ce%bc%ce%b5%ce%bd%ce%b9%cf%84%cf%83%ce%b1-120%cf%84/,,,,,2026-10-02
https://valuerealestate.gr/property/%ce%b1%ce%b7-2232-%ce%ba%ce%b1%cf%84%ce%b1%cf%83%cf%84%ce%b7%ce%bc%ce%b1-%cf%83%cf%84%ce%bf-%ce%ba%ce%b5%ce%bd%cf%84%cf%81%ce%bf-%cf%84%ce%b7%cf%83-%ce%b7%ce%b3%ce%bf%cf%85%ce%bc%ce%b5%ce%bd%ce%b9/,,,,,2026-10-02
https://valuerealestate.gr/property/%ce%b1%ce%b7-3454-%ce%b4%ce%b9%ce%b1%ce%bc%ce%b5%cf%81%ce%b9%cf%83%ce%bc%ce%b1-115%cf%84%ce%bc-%ce%b8%ce%b5%ce%b1-%ce%b8%ce%b1%ce%bb-%cf%83%cf%83%ce%b1-parking-%ce%b1%ce%bd%ce%b1%ce%ba%ce%b1/,,,,,2026-10-02
https://valuerealestate.gr/property/%ce%b1%ce%b7-6767%ce%b4%ce%b9%ce%b1%ce%bc%ce%b5%cf%81%ce%b9%cf%83%ce%bc%ce%b1-%ce%b7%ce%bc%ce%b9%cf%84%ce%b5%ce%bb%ce%b5%cf%83-3%ce%bf%cf%83-%ce%bf%cf%81%ce%bf%cf%86%ce%bf%cf%83-parking%ce%b1%cf%80/,,,,,2026-10-02
https://valuerealestate.gr/property/%ce%b1%ce%b71056-%ce%bf%ce%b9%ce%ba%ce%bf%cf%80%ce%b5%ce%b4%ce%bf-%ce%bb%ce%b1%ce%b4%ce%bf%cf%87%cf%89%cf%81%ce%b9-%ce%b5131-%cf%84%ce%bc-50-000e-%cf%83%cf%85%ce%b6%ce%b7%cf%84%ce%b7%cf%83%ce%b9/,,,,,2026-10-02
https://valuerealestate.gr/property/%ce%b1%ce%b7221-%ce%b2%ce%b9%ce%bb%ce%b1-100%cf%84%ce%bc-280-000e-%cf%83%cf%84%ce%bf-%ce%bc%ce%b5%cf%83%ce%bf%ce%b2%ce%bf%cf%85%ce%bd%ce%b9/,,,,,2026-10-02
https://valuerealestate.gr/property/%ce%b1%ce%b7224-%ce%bc%ce%bf%ce%bd%ce%bf%ce%ba%ce%b1%cf%84%ce%bf%ce%b9%ce%ba%ce%b9%ce%b1-104%cf%84%ce%bc-150-000e-%cf%83%cf%84%ce%bf%ce%bd-%cf%80%ce%b1%cf%81%ce%b1%cf%80%ce%bf%cf%84%ce%b1%ce%bc/,,,,,2026-10-02
https://valuerealestate.gr/property/%ce%b1%ce%bc-5656%ce%bf%ce%b9%ce%ba%ce%bf%cf%80%ce%b5%ce%b4%ce%bf-%cf%83%cf%84%ce%bf-%ce%bc%ce%b1%cf%81%ce%b3%ce%b1%cf%81%ce%b9%cf%84%ce%b9-25-%cf%83%cf%84%cf%81%ce%b5%ce%bc%ce%bc%ce%b1%cf%84%ce%b1/,,,,,2026-10-02
https://valuerealestate.gr/property/%ce%b1%cf%802121%ce%b2%ce%b9%ce%bb%ce%b1-%cf%83%cf%84%ce%b7%ce%bd-%cf%80%ce%b5%cf%81%ce%b4%ce%b9%ce%ba%ce%b1-164%cf%84%ce%bc-450-000e-%cf%84%ce%b9%ce%bc%ce%b7-%cf%83%cf%85%ce%b6%ce%b7%cf%84%ce%b7/,,,,,2026-10-02
https://valuerealestate.gr/property/%ce%bf%ce%b9%ce%ba%ce%bf%cf%80%ce%b5%ce%b4%ce%bf-1500%cf%84%ce%bc-%ce%b5%ce%bd%cf%84%ce%bf%cf%83-%cf%83%cf%87%ce%b5%ce%b4%ce%b9%ce%bf%cf%85-%cf%83%cf%84%ce%bf-%ce%ba%ce%b1%cf%81%cf%84%ce%b5%cf%81/,,,,,2026-10-02
https://valuerealestate.gr/property/%cf%80%ce%b1%cf%81%ce%b1%ce%b4%ce%bf%cf%83%ce%b9%ce%b1%ce%ba%ce%bf-%cf%83%cf%80%ce%b9%cf%84%ce%b9-%cf%83%cf%84%ce%bf-%ce%bc%ce%b1%cf%81%ce%b3%ce%b1%cf%81%ce%b9%cf%84%ce%b9-180%cf%84%ce%bc-100-000e/,,,,,2026-10-02
https://valuerealestate.gr/property/1007-2/,,,,,2026-10-02
https://valuerealestate.gr/property/1009-2/,,,,,2026-10-02
https://valuerealestate.gr/property/ah-1054/,,,,,2026-10-02
https://valuerealestate.gr/property/as1010-%cf%83%cf%80%ce%b9%cf%84%ce%b9-480-000e/,,,,,2026-10-02
https://valuerealestate.gr/property/as1013-135-000e/,,,,,2026-10-02
https://vhdluxury.com/properties/residential-apartment-for-sale-anavissos-650-sq-m/,,,,,2026-10-02
https://vhdluxury.com/properties/residential-apartment-for-sale-center-port-134-sq-m/,,,,,2026-10-02
https://vhdluxury.com/properties/residential-apartment-for-sale-kallipoli-freattida-115-sq-m/,,,,,2026-10-02
https://vhdluxury.com/properties/residential-apartment-for-sale-piraiki-chatzikyriakio-140-sq-m/,,,,,2026-10-02
https://vhdluxury.com/properties/residential-apartment-for-sale-sivota-300-sq-m/,,,,,2026-10-02
https://vmproperties.gr/property/86-1765,,,,,2026-10-02
https://www.akinitakritis.gr/property/47246/vila-pros-polisi-polytelis-vila-127-tm-syvota-bela-vraka,,,,,2026-10-02
https://www.akinitakritis.gr/property/59228/oikopedo-240-tm-pros-polisi-stin-agoriani-parnassou-eptalofos-etoimi-adeia-oikodomis,,,,,2026-10-02
https://www.akinitapolis.gr/el-GR/id/15881/__(pros-polisi)-epaggelmatikos-choros-epaggelmatikos-choros-athina-kentro-athina-/estate.html,attica,Αθήνα-Κέντρο,,breadcrumb,2026-10-02
https://www.akinitapolis.gr/el-GR/id/22322/__(pros-polisi)-epaggelmatikos-choros-epaggelmatikos-choros-athina-kentro-bironas-/estate.html,,,,,2026-10-02
https://www.akinitapolis.gr/el-GR/id/22340/__(pros-polisi)-epaggelmatikos-choros-epaggelmatikos-choros-athina-kentro-athina-/estate.html,attica,Αθήνα-Κέντρο,,breadcrumb,2026-10-02
https://www.akinitapolis.gr/el-GR/id/22391/__(pros-enikiasi)-epaggelmatikos-choros-epaggelmatikos-choros-athina-kentro-athina-/estate.html,attica,Αθήνα-Κέντρο,,breadcrumb,2026-10-02
https://www.akinitapolis.gr/el-GR/id/22460/__(pros-enikiasi)-epaggelmatikos-choros-epaggelmatikos-choros-athina-kentro-athina-/estate.html,attica,Αθήνα-Κέντρο,,breadcrumb,2026-10-02
https://www.akinitapolis.gr/el-GR/id/22466/__(pros-polisi)-epaggelmatikos-choros-epaggelmatikos-choros-athina-boria-nea-ionia-/estate.html,attica,Νέα Ιωνία,,breadcrumb,2026-10-02
https://www.akinitapolis.gr/el-GR/id/22478/__(pros-polisi)-epaggelmatikos-choros-ktirio-anatoliki-attiki-nea-makri-/estate.html,attica,Μαραθώνας,,breadcrumb,2026-10-02
https://www.akinitapolis.gr/el-GR/id/22486/__(pros-enikiasi)-epaggelmatikos-choros-epaggelmatikos-choros-anatoliki-attiki-markopoilo-mesogaias-/estate.html,attica,Μαρκόπουλο,,breadcrumb,2026-10-02
https://www.akinitapolis.gr/el-GR/id/22507/__(pros-enikiasi)-epaggelmatikos-choros-katastima-athina-boria-neo-psichiko-/estate.html,attica,Φιλοθέη-Ψυχικό,,breadcrumb,2026-10-02
https://www.akinitapolis.gr/el-GR/id/22626/__(pros-enikiasi)-epaggelmatikos-choros-epaggelmatikos-choros-athina-boria-neo-psichiko-/estate.html,attica,Φιλοθέη-Ψυχικό,,breadcrumb,2026-10-02
https://www.akinitapolis.gr/el-GR/id/8501/__(pros-polisi)-epaggelmatikos-choros-epaggelmatikos-choros-athina-kentro-athina-/estate.html,attica,Αθήνα-Κέντρο,,breadcrumb,2026-10-02
https://www.akinitapolis.gr/el-GR/id/9532/__(pros-polisi)-epaggelmatikos-choros-epaggelmatikos-choros-athina-kentro-athina-/estate.html,attica,Αθήνα-Κέντρο,,breadcrumb,2026-10-02
https://www.asty-realty.gr/el-GR/id/13036/__(pros-polisi)-lipa-akinita-polikatikia-anatoliki-attiki-markopoilo-mesogaias/estate.html,,,,,2026-10-02
https://www.asty-realty.gr/el-GR/id/13037/__(pros-polisi)-lipa-akinita-polikatikia-anatoliki-attiki-markopoilo-mesogaias/estate.html,,,,,2026-10-02
https://www.asty-realty.gr/el-GR/id/14643/__(pros-polisi)-epaggelmatikos-choros-epaggelmatikos-choros-athina-kentro-athina/estate.html,,,,,2026-10-02
https://www.asty-realty.gr/el-GR/id/14990/__(pros-polisi)-axiopiisimi-gi-ikopedo-anatoliki-attiki-barnabas/estate.html,,,,,2026-10-02
https://www.asty-realty.gr/el-GR/id/15211/__(pros-polisi)-axiopiisimi-gi-ikopedo-athina-boria-papagos/estate.html,,,,,2026-10-02
https://www.asty-realty.gr/el-GR/id/15248/__(pros-polisi)-epaggelmatikos-choros-ktirio-anatoliki-attiki-boila/estate.html,,,,,2026-10-02
https://www.asty-realty.gr/el-GR/id/15491/__(pros-polisi)-axiopiisimi-gi-ikopedo-anatoliki-attiki-markopoilo-mesogaias/estate.html,,,,,2026-10-02
https://www.asty-realty.gr/el-GR/id/480/__(pros-polisi)-epaggelmatikos-choros-ktirio-athina-notia-argiroipoli/estate.html,,,,,2026-10-02
https://www.bardosis-real.gr/%2D8486%2Dr%2D8486%2Dpos-monokatoikia-pros%2Dpolisi_%CE%9C%2D17258.html,,,,,2026-10-02
https://www.bardosis-real.gr/agios%2Ddimitrios-ktirio-pros%2Dpolisi_%CE%9C%2D16924.html,attica,Άγιος Δημήτριος,,text,2026-10-02
https://www.bardosis-real.gr/barkiza-epaggelmatiko%2Dktirio-pros%2Dpolisi_%CE%9C%2D16672.html,attica,Βάρη-Βούλα-Βουλιαγμένη,,text,2026-10-02
https://www.bardosis-real.gr/magoyla-epaggelmatiko%2Dktirio-pros%2Dpolisi_%CE%9C%2D17216.html,attica,Ελευσίνα-Ασπρόπυργος,,text,2026-10-02
https://www.bardosis-real.gr/nea%2Dsmyrni-katastima-pros%2Denoikiasi_%CE%9C%2D16868.html,attica,Νέα Σμύρνη,,text,2026-10-02
https://www.bestconnection.com.gr/athina%2Dagios%2Dnikolaos%2D-diamerisma%2Dloft-pros%2Dpolisi_%CE%A7%2D324.html,,,,,2026-10-02
https://www.bestconnection.com.gr/athina-diamerismata-pros%2Dpolisi_%CE%A7%2D281.html,attica,Αθήνα-Κέντρο,,text,2026-10-02
https://www.bestconnection.com.gr/athina-epixeirisi-pros%2Dpolisi_%CE%A7%2D211.html,,,,,2026-10-02
https://www.bestconnection.com.gr/athina-epixeirisi-pros%2Dpolisi_%CE%A7%2D215.html,,,,,2026-10-02
https://www.bestconnection.com.gr/athina-epixeirisi-pros%2Dpolisi_%CE%A7%2D224.html,,,,,2026-10-02
https://www.bestconnection.com.gr/athina-grafeio-pros%2Dpolisi_%CE%A7%2D254.html,,,,,2026-10-02
https://www.bestconnection.com.gr/athina-ktirio-pros%2Dpolisi_%CE%A7%2D242.html,attica,Αθήνα-Κέντρο,,text,2026-10-02
https://www.bestconnection.com.gr/kryoneri-monokatoikia-pros%2Dpolisi_%CE%A7%2D151.html,,,,,2026-10-02
https://www.bestconnection.com.gr/nea%2Dionia-mezedop%2D8486%2Dleio-pros%2Dpolisi_%CE%A7%2D272.html,attica,Νέα Ιωνία,,text,2026-10-02
https://www.boukisrealestate.gr/el-GR/id/29978/__(pros-polisi)-axiopiisimi-gi-agrotemachio-kiklades-ios-/estate.html,,,,,2026-10-02
https://www.boukisrealestate.gr/el-GR/id/32594/__(pros-polisi)-epaggelmatikos-choros-ktirio-ditiki-attiki-ano-liosia-/estate.html,,,,,2026-10-02
https://www.boukisrealestate.gr/el-GR/id/32796/__(pros-polisi)-katikia-monokatikia-n.-artas-arta-/estate.html,,,,,2026-10-02
https://www.boukisrealestate.gr/el-GR/id/32960/__(pros-polisi)-epaggelmatikos-choros-apothikeitikos-choros-athina-boria-iraklio-/estate.html,,,,,2026-10-02
https://www.boukisrealestate.gr/el-GR/id/33012/__(pros-polisi)-epaggelmatikos-choros-apothikeitikos-choros-athina-boria-iraklio-/estate.html,,,,,2026-10-02
https://www.boukisrealestate.gr/el-GR/id/33015/__(pros-enikiasi)-epaggelmatikos-choros-grafio-athina-boria-nea-ionia-/estate.html,,,,,2026-10-02
https://www.boukisrealestate.gr/el-GR/id/33016/__(pros-enikiasi)-epaggelmatikos-choros-grafio-athina-boria-nea-ionia-/estate.html,,,,,2026-10-02
https://www.boukisrealestate.gr/el-GR/id/33018/__(pros-polisi)-katikia-monokatikia-athina-ditika-agii-anargiri-/estate.html,,,,,2026-10-02
https://www.connectproperty.gr/property/418,attica,Αχαρνές,,text,2026-10-02
https://www.connectproperty.gr/property/579,,,,,2026-10-02
https://www.domuscapital.gr/property.php?id=5813,attica,Ελευσίνα-Ασπρόπυργος,,text,2026-10-02
https://www.domuscapital.gr/property.php?id=6275,,,,,2026-10-02
https://www.domuscapital.gr/property.php?id=6288,,,,,2026-10-02
https://www.euroependitiki.gr/property/polisi-oikopedo-249000-tm-karteri-margariti-thesprotias/,,,,,2026-10-02
https://www.everytime-estates.gr/el/properties/2601591,,,,,2026-10-02
https://www.everytime-estates.gr/el/properties/2601599,,,,,2026-10-02
https://www.exclusiveagents.gr/el/properties/69645,,,,,2026-10-02
https://www.familybrokers.gr/el-GR/id/108289/__(pros-polisi)-epaggelmatikos-choros-epaggelmatikos-choros-athina-kentro-athina-/estate.html,,,,,2026-10-02
https://www.foxezs.gr/el-GR/id/7360/__(pros-enikiasi)-epaggelmatikos-choros-epaggelmatikos-choros-athina-kentro-athina-/estate.html,attica,Αθήνα-Κέντρο,,breadcrumb,2026-10-02
https://www.golden-panorama.estate/el-GR/id/27001/__(pros-polisi)-axiopiisimi-gi-ikopedo-n.-biotias-thiba-/estate.html,,,,,2026-10-02
https://www.golden-panorama.estate/el-GR/id/27023/__(pros-polisi)-epaggelmatikos-choros-katastima-athina-boria-iraklio-/estate.html,,,,,2026-10-02
https://www.golden-panorama.estate/el-GR/id/27033/__(pros-polisi)-epaggelmatikos-choros-epaggelmatikos-choros-athina-boria-nea-ionia-/estate.html,,,,,2026-10-02
https://www.golden-panorama.estate/el-GR/id/27040/__(pros-polisi)-epaggelmatikos-choros-epaggelmatikos-choros-athina-kentro-athina-/estate.html,,,,,2026-10-02
https://www.golden-panorama.estate/el-GR/id/27041/__(pros-polisi)-epaggelmatikos-choros-ktirio-athina-boria-nea-ionia-/estate.html,,,,,2026-10-02
https://www.golden-panorama.estate/el-GR/id/27049/__(pros-polisi)-epaggelmatikos-choros-epaggelmatikos-choros-athina-boria-nea-ionia-/estate.html,,,,,2026-10-02
https://www.golden-panorama.estate/el-GR/id/27058/__(pros-polisi)-epaggelmatikos-choros-epaggelmatikos-choros-athina-kentro-athina-/estate.html,,,,,2026-10-02
https://www.golden-panorama.estate/el-GR/id/27063/__(pros-polisi)-epaggelmatikos-choros-biotechnikos-choros-athina-notia-agios-dimitrios-/estate.html,,,,,2026-10-02
https://www.golden-panorama.estate/el-GR/id/27066/__(pros-polisi)-axiopiisimi-gi-ikopedo-n.-fthiotidas-gorgopotamos-/estate.html,,,,,2026-10-02
https://www.golden-panorama.estate/el-GR/id/27087/__(pros-polisi)-axiopiisimi-gi-agrotemachio-anatoliki-attiki-koibaras-/estate.html,,,,,2026-10-02
https://www.golden-panorama.estate/el-GR/id/27088/__(pros-polisi)-axiopiisimi-gi-ikopedo-entos-schedioi-ditiki-attiki-ano-liosia-/estate.html,,,,,2026-10-02
https://www.greekorner.com/property/%CF%80%CF%89%CE%BB%CE%B7%CF%83%CE%B7-%CE%BC%CE%BF%CE%BD%CE%BF%CE%BA%CE%B1%CF%84%CE%BF%CE%B9%CE%BA%CE%B9%CE%B1-%CE%BA%CF%81%CF%85%CE%BF%CE%BD%CE%B5%CF%81%CE%B9-%CE%B1%CF%84%CF%84%CE%B9%CE%BA%CE%B7-%CE%B2%CE%BF%CF%81%CE%B5%CE%B9%CE%B1-%CF%80%CF%81%CE%BF%CE%B1%CF%83%CF%84%CE%B9%CE%B1/SR5783,,,,,2026-10-02
https://www.greekorner.com/property/%CF%80%CF%89%CE%BB%CE%B7%CF%83%CE%B7-%CE%BC%CE%BF%CE%BD%CE%BF%CE%BA%CE%B1%CF%84%CE%BF%CE%B9%CE%BA%CE%B9%CE%B1-%CF%80%CE%BB%CE%B1%CF%84%CE%B1%CE%BD%CE%BF%CF%82-%CE%B1%CE%B9%CF%84%CF%89%CE%BB%CE%BF%CE%B1%CE%BA%CE%B1%CF%81%CE%BD%CE%B1%CE%BD%CE%B9%CE%B1/SR5391,,,,,2026-10-02
https://www.greekorner.com/property/%CF%80%CF%89%CE%BB%CE%B7%CF%83%CE%B7-%CE%BF%CE%B9%CE%BA%CE%BF%CF%80%CE%B5%CE%B4%CE%BF-%CE%BA%CF%85%CE%B8%CE%BD%CE%BF%CF%82-%CE%BA%CF%85%CE%BA%CE%BB%CE%B1%CE%B4%CE%B5%CF%82/SL2065,,,,,2026-10-02
https://www.greekorner.com/property/%CF%80%CF%89%CE%BB%CE%B7%CF%83%CE%B7-%CE%BF%CE%B9%CE%BA%CE%BF%CF%80%CE%B5%CE%B4%CE%BF-%CE%BA%CF%85%CE%B8%CE%BD%CE%BF%CF%82-%CE%BA%CF%85%CE%BA%CE%BB%CE%B1%CE%B4%CE%B5%CF%82/SL2066,,,,,2026-10-02
https://www.grekodom.com/area/100,other,,,place,2026-10-02
https://www.grekodom.com/area/101,other,,,place,2026-10-02
https://www.grekodom.com/area/102,other,,,place,2026-10-02
https://www.grekodom.com/area/103,other,,,place,2026-10-02
https://www.grekodom.com/area/104,other,,,place,2026-10-02
https://www.grekodom.com/area/107,other,,,place,2026-10-02
https://www.immoconsult.gr/karystos-billa-pros%2Dpolisi_%CE%99%2D19438.html,,,,,2026-10-02
https://www.immoconsult.gr/karystos-mezoneta-pros%2Dpolisi_%CE%99%2D18361.html,,,,,2026-10-02
https://www.immoconsult.gr/karystos-oikopedo-pros%2Dpolisi_%CE%99%2D18385.html,attica,Αγία Παρασκευή,,text,2026-10-02
https://www.immoconsult.gr/lakonia-sygkrotima%2Dkatoikion-pros%2Dpolisi_%CE%99%2D19035.html,,,,,2026-10-02
https://www.immoconsult.gr/lakonia-sygkrotima%2Dkatoikion-pros%2Dpolisi_%CE%99%2D19137.html,,,,,2026-10-02
https://www.immoconsult.gr/neapoli-mezoneta-pros%2Dpolisi_%CE%99%2D18985.html,,,,,2026-10-02
https://www.immoconsult.gr/neapoli-mezoneta-pros%2Dpolisi_%CE%99%2D19255.html,,,,,2026-10-02
https://www.immoconsult.gr/neapoli-mezoneta-pros%2Dpolisi_%CE%99%2D19256.html,,,,,2026-10-02
https://www.immoconsult.gr/plateia%2Dbiktorias-diamerisma-pros%2Dpolisi_%CE%99%2D18852.html,attica,Αθήνα-Κέντρο,,text,2026-10-02
https://www.infinityproperty.gr/property/for-rent-industrial-warehouse-rest-of-attica-aspropirgos-4300m%c2%b2-10000m%c2%b2-e25000/6178/,,,,,2026-10-02
https://www.infinityproperty.gr/property/for-sale-industrial-warehouse-boeotia-schimatari-4285m%c2%b2-22368m%c2%b2-e3300000/6034/,,,,,2026-10-02
https://www.invistarealestate.gr/el-GR/id/25681/__(pros-enikiasi)-epaggelmatikos-choros-katastima-athina-notia-agios-dimitrios/estate.html,,,,,2026-10-02
https://www.invistarealestate.gr/el-GR/id/26335/__(pros-enikiasi)-epaggelmatikos-choros-grafio-athina-notia-nea-smirni/estate.html,,,,,2026-10-02
https://www.invistarealestate.gr/el-GR/id/26350/__(pros-enikiasi)-katikia-orofodiamerisma-anatoliki-attiki-boila/estate.html,,,,,2026-10-02
https://www.invistarealestate.gr/el-GR/id/26412/__(pros-enikiasi)-katikia-orofodiamerisma-anatoliki-attiki-boila/estate.html,,,,,2026-10-02
https://www.invistarealestate.gr/el-GR/id/26540/__(pros-polisi)-epaggelmatikos-choros-katastima-athina-notia-agios-dimitrios/estate.html,,,,,2026-10-02
https://www.invistarealestate.gr/el-GR/id/26633/__(pros-polisi)-epaggelmatikos-choros-katastima-athina-notia-nea-smirni/estate.html,,,,,2026-10-02
https://www.invistarealestate.gr/el-GR/id/26682/__(pros-polisi)-epaggelmatikos-choros-apothiki-athina-notia-nea-smirni/estate.html,,,,,2026-10-02
https://www.invistarealestate.gr/el-GR/id/26779/__(pros-enikiasi)-epaggelmatikos-choros-katastima-athina-notia-agios-dimitrios/estate.html,,,,,2026-10-02
https://www.leadestate.gr/properties/property_detail/4560,,,,,2026-10-02
https://www.leadestate.gr/properties/property_detail/4576,,,,,2026-10-02
https://www.leadestate.gr/properties/property_detail/4600,,,,,2026-10-02
https://www.leadestate.gr/properties/property_detail/4650,,,,,2026-10-02
https://www.leadestate.gr/properties/property_detail/4654,,,,,2026-10-02
https://www.levelrealty.gr/pros-polisi-epaggelmatikos-xoros-xenodoxeio-kyklades-ios-300-tm-2200000_1798121,,,,,2026-10-02
https://www.look2book.gr/el-GR/id/60517/__anetos-ipogios-apothikeitikos-choros-sto-neo-kosmo/estate.html,,,,,2026-10-02
https://www.look2book.gr/el-GR/id/60922/__exairetiko-ikopedo-konta-stin-paralia-toi-githioi-/estate.html,,,,,2026-10-02
https://www.mesitiko-athens.gr/el-GR/id/45138/__(pros-polisi)-axiopiisimi-gi-ikopedo-dodekanisa-patmos-/estate.html,,,,,2026-10-02
https://www.mesitiko-athens.gr/el-GR/id/45477/__(pros-polisi)-epaggelmatikos-choros-ktirio-athina-notia-argiroipoli-/estate.html,,,,,2026-10-02
https://www.mesitiko-athens.gr/el-GR/id/46934/__(pros-polisi)-epaggelmatikos-choros-ktirio-athina-ditika-agii-anargiri-/estate.html,,,,,2026-10-02
https://www.mesitiko-athens.gr/el-GR/id/47297/__(pros-polisi)-katikia-orofodiamerisma-athina-notia-agios-dimitrios-/estate.html,,,,,2026-10-02
https://www.mesitiko-athens.gr/el-GR/id/47298/__(pros-polisi)-katikia-orofodiamerisma-athina-notia-agios-dimitrios-/estate.html,,,,,2026-10-02
https://www.mesitiko-athens.gr/el-GR/id/47571/__(pros-polisi)-epaggelmatikos-choros-ktirio-athina-boria-agia-paraskeii-/estate.html,,,,,2026-10-02
https://www.mesitiko-athens.gr/el-GR/id/47593/__(pros-polisi)-axiopiisimi-gi-ikopedo-ektos-ikismoi-n.-arkadias-falanthos-/estate.html,,,,,2026-10-02
https://www.mpotsis.gr/kentro-diamerisma-pros-enoikiasi_M-1358.html,,,,,2026-10-02
https://www.mpotsis.gr/kentro-diamerisma-pros-enoikiasi_M-1359.html,,,,,2026-10-02
https://www.mpotsis.gr/kentro-monokatoikia-pros-polisi_K-11112.html,,,,,2026-10-02
https://www.mpotsis.gr/kentro-monokatoikia-pros-polisi_M-794.html,,,,,2026-10-02
https://www.noblevillas.gr/properties/modern-fully-renovated-seaside-apartment-104-sqm-300m-from-the-sea/,attica,Βάρη-Βούλα-Βουλιαγμένη,,text,2026-10-02
https://www.northproject.gr/el-GR/id/27809/__(pros-polisi)-axiopiisimi-gi-ikopedo-athina-boria-nea-erithraia-/estate.html,,,,,2026-10-02
https://www.northproject.gr/el-GR/id/27874/__(pros-polisi)-axiopiisimi-gi-ikopedo-anatoliki-attiki-krioneri-/estate.html,,,,,2026-10-02
https://www.northproject.gr/el-GR/id/27877/__(pros-polisi)-epaggelmatikos-choros-katastima-athina-boria-maroisi-/estate.html,,,,,2026-10-02
https://www.northproject.gr/el-GR/id/27884/__(pros-polisi)-axiopiisimi-gi-ektasi-n.-fokidas-galaxidi-/estate.html,,,,,2026-10-02
https://www.northproject.gr/el-GR/id/27894/__(pros-polisi)-epaggelmatikos-choros-katastima-athina-boria-nea-erithraia-/estate.html,,,,,2026-10-02
https://www.northproject.gr/el-GR/id/27897/__(pros-polisi)-epaggelmatikos-choros-katastima-athina-boria-nea-erithraia-/estate.html,,,,,2026-10-02
https://www.northproject.gr/el-GR/id/27928/__(pros-enikiasi)-epaggelmatikos-choros-katastima-athina-boria-nea-erithraia-/estate.html,,,,,2026-10-02
https://www.northproject.gr/el-GR/id/27938/__(pros-enikiasi)-epaggelmatikos-choros-katastima-athina-boria-maroisi-/estate.html,,,,,2026-10-02
https://www.northproject.gr/el-GR/id/27939/__(pros-enikiasi)-epaggelmatikos-choros-grafio-athina-boria-maroisi-/estate.html,,,,,2026-10-02
https://www.northproject.gr/el-GR/id/27947/__(pros-enikiasi)-epaggelmatikos-choros-katastima-athina-boria-nea-erithraia-/estate.html,,,,,2026-10-02
https://www.oikia-domi.gr/property.php?id=2325,,,,,2026-10-02
https://www.oikia-domi.gr/property.php?id=2873,,,,,2026-10-02
https://www.papavlasopoulos.gr/el-GR/id/14525/__(pros-polisi)-epaggelmatikos-choros-epaggelmatikos-choros-athina-kentro-athina-/estate.html,,,,,2026-10-02
https://www.papavlasopoulos.gr/el-GR/id/3704/__(pros-polisi)-epaggelmatikos-choros-ktirio-n.-chanion-soida-/estate.html,,,,,2026-10-02
https://www.papavlasopoulos.gr/el-GR/id/3874/__(pros-polisi)-epaggelmatikos-choros-epaggelmatikos-choros-athina-kentro-athina-/estate.html,,,,,2026-10-02
https://www.papavlasopoulos.gr/el-GR/id/3912/__(pros-polisi)-epaggelmatikos-choros-xenodochio-anatoliki-attiki-bari/estate.html,,,,,2026-10-02
https://www.papavlasopoulos.gr/el-GR/id/8957/__(pros-enikiasi)-epaggelmatikos-choros-epaggelmatikos-choros-athina-kentro-athina-/estate.html,,,,,2026-10-02
https://www.patsisrealestate.gr/el/properties/1799940,,,,,2026-10-02
https://www.patsisrealestate.gr/el/properties/1799956,,,,,2026-10-02
https://www.planethomes.gr/akinito/23760-2/,,,,,2026-10-02
https://www.planethomes.gr/akinito/28689-2/,,,,,2026-10-02
https://www.planethomes.gr/akinito/33887-2/,,,,,2026-10-02
https://www.planethomes.gr/akinito/35970-2/,,,,,2026-10-02
https://www.planethomes.gr/akinito/36156-2/,,,,,2026-10-02
https://www.planethomes.gr/akinito/36176-2/,,,,,2026-10-02
https://www.planethomes.gr/akinito/41019-2/,,,,,2026-10-02
https://www.pmdrealestate.gr/en/properties/1059731,,,,,2026-10-02
https://www.raffaello.gr/el-GR/id/170/__(pros-polisi)-katikia-bila-n.-chanion-bamos/estate.html,,,,,2026-10-02
https://www.raffaello.gr/el-GR/id/2631/__(pros-polisi)-epaggelmatikos-choros-katastima-athina-boria-agia-paraskeii/estate.html,,,,,2026-10-02
https://www.raffaello.gr/el-GR/id/2686/__(pros-polisi)-epaggelmatikos-choros-epaggelmatikos-choros-athina-kentro-athina/estate.html,attica,Αθήνα-Κέντρο,,label,2026-10-02
https://www.raffaello.gr/el-GR/id/9640/__(pros-polisi)-axiopiisimi-gi-ektasi-dodekanisa-astipalaia/estate.html,,,,,2026-10-02
https://www.raffaello.gr/el-GR/id/9659/__(pros-polisi)-axiopiisimi-gi-ikopedo-kiklades-kimolos/estate.html,,,,,2026-10-02
https://www.raffaello.gr/el-GR/id/9709/__(pros-enikiasi)-epaggelmatikos-choros-ktirio-anatoliki-attiki-boila/estate.html,,,,,2026-10-02
https://www.raffaello.gr/el-GR/id/9725/__(pros-enikiasi)-epaggelmatikos-choros-grafio-anatoliki-attiki-boila/estate.html,,,,,2026-10-02
https://www.raffaello.gr/el-GR/id/9730/__(pros-enikiasi)-epaggelmatikos-choros-epaggelmatikos-choros-anatoliki-attiki-glika-nera/estate.html,,,,,2026-10-02
https://www.raffaello.gr/el-GR/id/9746/__(pros-polisi)-epaggelmatikos-choros-ktirio-athina-notia-argiroipoli/estate.html,,,,,2026-10-02
https://www.raffaello.gr/el-GR/id/9767/__(pros-polisi)-epaggelmatikos-choros-epaggelmatikos-choros-athina-kentro-athina/estate.html,,,,,2026-10-02
https://www.raffaello.gr/el-GR/id/9771/__(pros-enikiasi)-epaggelmatikos-choros-ktirio-anatoliki-attiki-glika-nera/estate.html,,,,,2026-10-02
https://www.raffaello.gr/el-GR/id/9779/__(pros-polisi)-epaggelmatikos-choros-epaggelmatikos-choros-ditiki-attiki-eleisina/estate.html,,,,,2026-10-02
https://www.raffaello.gr/el-GR/id/9784/__(pros-enikiasi)-epaggelmatikos-choros-biomichanikos-choros-ditiki-attiki-eleisina/estate.html,,,,,2026-10-02
https://www.re1.gr/property/49576/poleitai-exoxiko-spiti-se-exairetiki-topothesia-sto-alepoxori-attikis,attica,Ελευσίνα-Ασπρόπυργος,,text,2026-10-02
https://www.realty4value.gr/el-GR/id/1191/__(pros-enikiasi)-epaggelmatikos-choros-aithoisa-athina-boria-iraklio/estate.html,,,,,2026-10-02
https://www.realty4value.gr/el-GR/id/1193/__(pros-enikiasi)-epaggelmatikos-choros-grafio-athina-boria-nea-ionia/estate.html,,,,,2026-10-02
https://www.realty4value.gr/el-GR/id/1200/__(pros-polisi)-epaggelmatikos-choros-grafio-athina-boria-iraklio/estate.html,,,,,2026-10-02
https://www.realty4value.gr/el-GR/id/1208/__(pros-enikiasi)-epaggelmatikos-choros-ktirio-athina-boria-nea-ionia/estate.html,,,,,2026-10-02
https://www.realty4value.gr/el-GR/id/1211/__(pros-enikiasi)-epaggelmatikos-choros-grafio-athina-boria-nea-ionia/estate.html,,,,,2026-10-02
https://www.realty4value.gr/el-GR/id/1220/__(pros-polisi)-axiopiisimi-gi-ikopedo-n.-biotias-schimatari/estate.html,,,,,2026-10-02
https://www.realty4value.gr/el-GR/id/1233/__(pros-polisi)-epaggelmatikos-choros-grafio-athina-boria-nea-ionia/estate.html,,,,,2026-10-02
https://www.realty4value.gr/el-GR/id/125/__(pros-polisi)-katikia-polikatikia-ktirio-athina-boria-nea-ionia/estate.html,,,,,2026-10-02
https://www.realty4value.gr/el-GR/id/132/__(pros-polisi)-axiopiisimi-gi-ikopedo-ditiki-attiki-bilia/estate.html,,,,,2026-10-02
https://www.realty4value.gr/el-GR/id/133/__(pros-enikiasi)-epaggelmatikos-choros-katastima-athina-boria-nea-ionia/estate.html,,,,,2026-10-02
https://www.realty4value.gr/el-GR/id/134/__(pros-enikiasi)-epaggelmatikos-choros-katastima-athina-boria-nea-ionia/estate.html,,,,,2026-10-02
https://www.realty4value.gr/el-GR/id/141/__(pros-enikiasi)-epaggelmatikos-choros-aithoisa-athina-boria-nea-ionia/estate.html,,,,,2026-10-02
https://www.realty4value.gr/el-GR/id/149/__(pros-polisi)-katikia-mezoneta-n.-magnisias-makrinitsa/estate.html,,,,,2026-10-02
https://www.realty4value.gr/el-GR/id/153/__(pros-polisi)-axiopiisimi-gi-ikopedo-anatoliki-attiki-nea-makri/estate.html,,,,,2026-10-02
https://www.realty4value.gr/el-GR/id/176/__(pros-polisi)-epaggelmatikos-choros-katastima-athina-boria-nea-ionia/estate.html,,,,,2026-10-02
https://www.roumposrealestate.gr/el/properties/1048039,,,,,2026-10-02
https://www.sakalidou.gr/en/properties/2186618,attica,Κρωπία,,text,2026-10-02
https://www.sakalidou.gr/en/properties/2187180,attica,Κρωπία,,text,2026-10-02
https://www.sakalidou.gr/en/properties/2187242,,,,,2026-10-02
https://www.sankinazervas.com/property/1137/mezoneta-se-isyxi-geitonia-me-aperioristi-thea-thalassa.html,,,,,2026-10-02
https://www.sankinazervas.com/property/1193/thea-thalassa-kai-idaniki-topothesia-se-neodmiti-kataskeyi.html,,,,,2026-10-02
https://www.sankinazervas.com/property/1197/orofodiamerisma-me-thea-thalassa-se-diplokatoikia.html,,,,,2026-10-02
https://www.sankinazervas.com/property/1199/neodmiti-polytelis-kataskeyi-liga-metra-apo-tin-paralia.html,,,,,2026-10-02
https://www.sankinazervas.com/property/1216/paradeisos-mprosta-sti-thalassa-se-epipedi-bila-me.html,,,,,2026-10-02
https://www.sankinazervas.com/property/1223/100m-apo-ti-thalassa-se-neodmito-diamerisma-me-kipo.html,,,,,2026-10-02
https://www.sankinazervas.com/property/1227/sygxrono-minimal-diamerisma-ypsilwn-prodiagrafwn.html,,,,,2026-10-02
https://www.sankinazervas.com/property/1233/epiplwmeno-studio-ypsilis-aisthitikis.html,,,,,2026-10-02
https://www.sankinazervas.com/story/773/akinita-axia-poy-menei.html,,,,,2026-10-02
https://www.sensounicorealestate.gr/index.php/properties/2028/,,,,,2026-10-02
https://www.sensounicorealestate.gr/index.php/properties/7106/,,,,,2026-10-02
https://www.strategymentor.gr/el/synergasies-ependytikes-efkairies-p178.html,,,,,2026-10-02
https://www.stratton.gr/page/golden-visa-program-2025,,,,,2026-10-02
https://www.thanos.gr/property/2471556,attica,Κηφισιά,,text,2026-10-02
https://www.tzanisrealestate.gr/el-GR/id/7609/__(pros-polisi)-axiopiisimi-gi-ikopedo-n.-magnisias-sporades/estate.html,,,,,2026-10-02
https://www.tzanisrealestate.gr/el-GR/id/7952/__(pros-polisi)-epaggelmatikos-choros-epaggelmatikos-choros-n.-magnisias-sporades/estate.html,attica,Άλιμος,,label,2026-10-02
https://www.tzanisrealestate.gr/el-GR/id/7953/__(pros-polisi)-epaggelmatikos-choros-epaggelmatikos-choros-n.-magnisias-sporades/estate.html,attica,Άλιμος,,label,2026-10-02
https://www.tzanisrealestate.gr/el-GR/id/7996/__(pros-enikiasi)-epaggelmatikos-choros-katastima-athina-notia-nea-smirni/estate.html,,,,,2026-10-02
https://www.tzanisrealestate.gr/el-GR/id/7997/__(pros-enikiasi)-epaggelmatikos-choros-katastima-athina-notia-nea-smirni/estate.html,,,,,2026-10-02
https://www.tzanisrealestate.gr/el-GR/id/8044/__(pros-enikiasi)-epaggelmatikos-choros-epaggelmatikos-choros-athina-kentro-athina/estate.html,attica,Αθήνα-Κέντρο,,label,2026-10-02
https://www.tzanisrealestate.gr/el-GR/id/8056/__(pros-enikiasi)-epaggelmatikos-choros-katastima-athina-notia-nea-smirni/estate.html,,,,,2026-10-02
https://www.tzanisrealestate.gr/el-GR/id/8071/__(pros-polisi)-epaggelmatikos-choros-katastima-athina-notia-nea-smirni/estate.html,,,,,2026-10-02
https://www.tzanisrealestate.gr/el-GR/id/8105/__(pros-enikiasi)-epaggelmatikos-choros-epaggelmatikos-choros-athina-notia-nea-smirni/estate.html,,,,,2026-10-02
https://www.tzanisrealestate.gr/el-GR/id/8121/__(pros-enikiasi)-epaggelmatikos-choros-katastima-athina-notia-nea-smirni/estate.html,,,,,2026-10-02
https://www.vrettos-estate.gr/portfolio-items/%ce%b2%ce%b9%ce%bf%ce%bc%ce%b7%cf%87%ce%b1%ce%bd%ce%b9%ce%ba%cf%8c%cf%82-%cf%87%cf%8e%cf%81%ce%bf%cf%82-3-500%cf%84%ce%bc-%ce%bf%ce%b9%ce%bd%cf%8c%cf%86%cf%85%cf%84%ce%b1/,,,,,2026-10-02
https://www.vrettos-estate.gr/portfolio-items/%ce%bc%ce%bf%ce%bd%ce%bf%ce%ba%ce%b1%cf%84%ce%bf%ce%b9%ce%ba%ce%af%ce%b1-160%cf%84%ce%bc-%ce%b2%ce%b1%cf%81%cf%85%ce%bc%cf%80%cf%8c%ce%bc%cf%80%ce%b7/,,,,,2026-10-02
https://www.vrettos-estate.gr/portfolio-items/%ce%bc%ce%bf%ce%bd%ce%bf%ce%ba%ce%b1%cf%84%ce%bf%ce%b9%ce%ba%ce%af%ce%b1-180-%cf%84-%ce%bc-%ce%ba%ce%b1%ce%bc%ce%ad%ce%bd%ce%b1-%ce%b2%ce%bf%cf%8d%cf%81%ce%bb%ce%b1-%ce%bd-%cf%86%ce%b8%ce%b9%cf%8e/,,,,,2026-10-02
https://xronisrealestate.gr/property.php?id=2259,,,,,2026-10-02
https://xronisrealestate.gr/property.php?id=2288,,,,,2026-10-02
https://xronisrealestate.gr/property.php?id=792,,,,,2026-10-02
https://yazbekrealestate.com/property/adma-ref84943538cd/,,,,,2026-10-02
https://yazbekrealestate.com/property/ajaltoun-ref84884078cd/,,,,,2026-10-02
https://yazbekrealestate.com/property/ajaltoun-ref85074705cd/,,,,,2026-10-02
https://yazbekrealestate.com/property/amez-ref85074646cd/,,,,,2026-10-02
https://yazbekrealestate.com/property/awkar-ref84868136cd/,,,,,2026-10-02
https://yazbekrealestate.com/property/ballouneh-ref84883595cd/,,,,,2026-10-02
https://yazbekrealestate.com/property/baouchrieh-ref84868010kj/,,,,,2026-10-02
https://yazbekrealestate.com/property/bikfaya-ref84806219hc/,,,,,2026-10-02
https://yazbekrealestate.com/property/biyada-ref84845697as/,,,,,2026-10-02
https://yazbekrealestate.com/property/bouar-ref84911193cd/,,,,,2026-10-02
https://yazbekrealestate.com/property/bouar-ref84985567ek/,,,,,2026-10-02
https://yazbekrealestate.com/property/broumana-ref84751161hc/,,,,,2026-10-02
https://yazbekrealestate.com/property/broumana-ref85052659kj/,,,,,2026-10-02
https://yazbekrealestate.com/property/chahtoul-ref85072174ek/,,,,,2026-10-02
https://yazbekrealestate.com/property/chekka-ref84750669hc/,,,,,2026-10-02
https://yazbekrealestate.com/property/faraya-ref84560636hk/,,,,,2026-10-02
https://yazbekrealestate.com/property/fiyadieh-ref85017822hc/,,,,,2026-10-02
https://yazbekrealestate.com/property/ghadir-ref84364131hk/,,,,,2026-10-02
https://yazbekrealestate.com/property/ghine-ref84936706ek/,,,,,2026-10-02
https://yazbekrealestate.com/property/ghosta-ref83607542hk/,,,,,2026-10-02
https://yazbekrealestate.com/property/haret-sakher-ref84943271ek/,,,,,2026-10-02
https://yazbekrealestate.com/property/haret-sakher-ref85142160ek/,,,,,2026-10-02
https://yazbekrealestate.com/property/horsh-tabet-ref84750393hc/,,,,,2026-10-02
https://yazbekrealestate.com/property/jamhour-ref84828316hc/,,,,,2026-10-02
https://yazbekrealestate.com/property/jdeideh-ref85046386kj/,,,,,2026-10-02
https://yazbekrealestate.com/property/jdeideh-ref85049460hc/,,,,,2026-10-02
https://yazbekrealestate.com/property/kaslik-ref84883741cd/,,,,,2026-10-02
https://yazbekrealestate.com/property/kaslik-ref84909053kj/,,,,,2026-10-02
https://yazbekrealestate.com/property/kaslik-ref85134687eh/,,,,,2026-10-02
https://yazbekrealestate.com/property/kfardebian-ref84806456hc/,,,,,2026-10-02
https://yazbekrealestate.com/property/kfour-ref84867906cd/,,,,,2026-10-02
https://yazbekrealestate.com/property/kornet-chehwan-ref84779852as/,,,,,2026-10-02
https://yazbekrealestate.com/property/laklouk-ref85014008hk/,,,,,2026-10-02
https://yazbekrealestate.com/property/laklouk-ref85068216zr/,,,,,2026-10-02
https://yazbekrealestate.com/property/laqlouq-ref84884188as/,,,,,2026-10-02
https://yazbekrealestate.com/property/maameltein-ref85074371ek/,,,,,2026-10-02
https://yazbekrealestate.com/property/mar-roukoz-ref84775375th/,,,,,2026-10-02
https://yazbekrealestate.com/property/mar-roukoz-ref85051688th/,,,,,2026-10-02
https://yazbekrealestate.com/property/mastita-ref84868276cd/,,,,,2026-10-02
https://yazbekrealestate.com/property/mayrouba-ref85013684jl/,,,,,2026-10-02
https://yazbekrealestate.com/property/monsef-ref85139709zr/,,,,,2026-10-02
https://yazbekrealestate.com/property/mshiti-ref85062091zr/,,,,,2026-10-02
https://yazbekrealestate.com/property/nabay-ref85066292th/,,,,,2026-10-02
https://yazbekrealestate.com/property/naher-ibrahim-ref85140812zr/,,,,,2026-10-02
https://yazbekrealestate.com/property/new-rawda-ref85128760th/,,,,,2026-10-02
https://yazbekrealestate.com/property/raachine-ref84940618eh/,,,,,2026-10-02
https://yazbekrealestate.com/property/rabieh-ref84845442as/,,,,,2026-10-02
https://yazbekrealestate.com/property/ras-osta-ref85136306cd/,,,,,2026-10-02
https://yazbekrealestate.com/property/sabtieh-ref84953468th/,,,,,2026-10-02
https://yazbekrealestate.com/property/sabtieh-ref85066300th/,,,,,2026-10-02
https://yazbekrealestate.com/property/safra-ref85044929kj/,,,,,2026-10-02
https://yazbekrealestate.com/property/sahel-aalma-ref84261736cd/,,,,,2026-10-02
https://yazbekrealestate.com/property/sahel-alma-7442702/,,,,,2026-10-02
https://yazbekrealestate.com/property/sin-el-fil-ref85030434hc/,,,,,2026-10-02
https://yazbekrealestate.com/property/sin-l-fil-ref84751053hc/,,,,,2026-10-02
https://yazbekrealestate.com/property/sin-l-fil-ref84827621hc/,,,,,2026-10-02
https://yazbekrealestate.com/property/tabarja-ref84753363jl/,,,,,2026-10-02
https://yazbekrealestate.com/property/toola-ref85061090zr/,,,,,2026-10-02
https://yazbekrealestate.com/property/zaaitre-ref85141017eh/,,,,,2026-10-02
https://yazbekrealestate.com/property/zouk-mosbeh-ref84903930kj/,,,,,2026-10-02
https://zintrorealestate.com/,,,,,2026-10-02
https://zintrorealestate.com/property/apartment-102sqm-for-sale/,,,,,2026-10-02
https://zintrorealestate.com/property/apartment-115sqm-for-sale/,,,,,2026-10-02
https://zintrorealestate.com/property/apartment-117sqm-for-sale/,,,,,2026-10-02
https://zintrorealestate.com/property/apartment-121sqm-for-sale/,,,,,2026-10-02
https://zintrorealestate.com/property/apartment-155sqm-for-sale/,,,,,2026-10-02
https://zintrorealestate.com/property/apartment-complex-105sqm-for-sale-2/,,,,,2026-10-02
https://zintrorealestate.com/property/apartment-complex-105sqm-for-sale/,,,,,2026-10-02
https://zintrorealestate.com/property/apartment-complex-110sqm-for-sale/,,,,,2026-10-02
https://zintrorealestate.com/property/apartment-complex-115sqm-for-sale-2/,,,,,2026-10-02
https://zintrorealestate.com/property/apartment-complex-115sqm-for-sale-3/,,,,,2026-10-02
https://zintrorealestate.com/property/apartment-complex-115sqm-for-sale/,,,,,2026-10-02
https://zintrorealestate.com/property/apartment-complex-117sqm-for-sale-2/,,,,,2026-10-02
https://zintrorealestate.com/property/apartment-complex-117sqm-for-sale/,,,,,2026-10-02
https://zintrorealestate.com/property/apartment-complex-124sqm-for-sale-2/,,,,,2026-10-02
https://zintrorealestate.com/property/apartment-complex-124sqm-for-sale/,,,,,2026-10-02
https://zintrorealestate.com/property/detached-190sqm-for-sale/,,,,,2026-10-02
https://zintrorealestate.com/property/maisonette-110sqm-for-sale/,,,,,2026-10-02
https://zintrorealestate.com/property/maisonette-171sqm-for-sale/,,,,,2026-10-02
https://zintrorealestate.com/property/maisonette-176sqm-for-sale/,,,,,2026-10-02
https://zintrorealestate.com/property/maisonette-210sqm-for-sale/,,,,,2026-10-02
https://zintrorealestate.com/property/villa-210sqm-for-sale/,,,,,2026-10-02
https://zintrorealestate.com/property/villa-400sqm-for-sale/,,,,,2026-10-02
