at,messages,delivered,errors,note
2026-10-02T14:29Z,1,1,,hello
2026-10-02T23:03Z,2,2,,"67 new, 0 drops"
2026-10-03T15:01Z,2,2,,"39 new, 0 drops"
2026-10-05T16:11Z,1,1,,"14 new, 0 drops"
2026-10-06T07:09Z,1,1,,"12 new, 0 drops"
2026-10-06T21:18Z,2,2,,"18 new, 0 drops"
2026-10-07T18:06Z,2,2,,"22 new, 0 drops"
2026-10-07T20:09Z,2,2,,"30 new, 0 drops"
2026-10-08T12:41Z,3,3,,"39 new, 1 drops"
2026-10-08T14:14Z,2,2,,"27 new, 0 drops"
2026-10-08T15:46Z,2,2,,"29 new, 0 drops"
2026-10-08T19:27Z,2,2,,"30 new, 0 drops"
2026-10-09T07:30Z,2,2,,"35 new, 0 drops"
2026-10-09T11:28Z,2,2,,"30 new, 1 drops"
2026-10-09T15:28Z,2,2,,"27 new, 0 drops"
2026-10-09T19:09Z,1,1,,"11 new, 0 drops"
2026-10-10T07:06Z,1,1,,"3 new, 1 drops"
2026-10-10T11:05Z,1,1,,"2 new, 0 drops"
2026-10-10T15:03Z,1,1,,"0 new, 1 drops"
2026-10-10T19:02Z,1,1,,"3 new, 0 drops"
