domain,listing_urls,parsed,with_price,with_area,new,changed,rechecked,price_changed,removed,error
forumland.gr,1286,1174,1165,1125,10,40,87,0,0,
arcusrealestate.gr,1357,1149,1149,1149,0,0,80,0,1,
elgrekorealestate.com,727,643,73,640,0,1,47,0,0,
goldenhome.gr,313,345,345,345,60,0,41,0,1,
g-mas.gr,270,301,301,301,0,0,36,1,0,
hpr.gr,338,299,295,297,1,0,24,0,0,
thessalonikirealestate.gr,246,271,268,249,0,0,32,0,0,
thessaloniki-realestate.gr,246,271,268,249,0,0,32,0,0,
monopoly.com.gr,223,223,222,219,0,0,16,1,1,
thermaikosrealest.gr,220,223,221,222,0,0,13,0,4,
casanova.com.gr,220,220,219,215,0,0,16,0,0,
eliteps.gr,220,220,220,218,1,0,3,0,0,
mesitiki.net,220,220,219,206,0,0,16,0,0,
perronerealestate.gr,216,216,216,184,0,0,16,0,0,
ellasestate.com,191,208,200,182,11,0,27,0,0,
house-center.gr,303,198,198,132,1,0,11,0,0,
delta-akinita.gr,384,182,182,148,0,0,14,0,0,
thgr.gr,180,180,180,175,0,0,7,4,0,
dovile.gr,178,178,177,155,0,0,14,0,0,
anthimiadisestate.gr,176,176,176,176,0,0,13,0,0,
panorama.estate,310,172,172,142,0,0,13,0,0,
akinita-kosmidis.gr,296,170,170,132,0,0,13,0,0,
tzemis.gr,162,162,162,161,0,0,12,0,0,
chatzikos.gr,143,157,157,154,0,0,14,1,0,
olympusrealestate.gr,209,157,156,157,4,1,13,11,0,
mandraouhome.gr,153,152,152,134,0,1,10,1,0,
liaggas-realestate.gr,140,146,146,145,0,0,15,0,0,
hometarget.gr,139,139,139,139,0,0,10,0,0,
greishome.com,128,128,128,128,0,0,10,0,0,
i-house.gr,266,128,128,101,0,0,7,0,0,
veltiston.gr,344,128,128,88,0,0,11,0,0,
oktorealestate.gr,308,126,126,97,0,0,8,5,0,
mkrealhome.com,125,125,123,113,0,0,9,0,1,
alpha-realestate.gr,237,125,125,112,0,0,10,0,0,
mesitiko-pasxalidis.gr,116,125,125,124,0,0,15,0,0,
omikronestate.gr,212,124,124,97,0,0,10,0,0,
nsarafoudis.gr,114,124,121,124,0,1,10,0,0,
daveti.gr,124,121,121,115,0,0,10,1,0,
realestatepoint.gr,139,120,120,108,57,0,29,1,0,
thehacienda.gr,434,120,120,94,0,0,10,3,0,
mproperties.gr,331,114,110,84,0,0,10,1,0,
onasishome.com,332,112,112,88,0,0,10,0,0,
diashome.gr,400,111,111,75,0,0,10,0,0,
aenaossarealty.gr,301,109,109,82,0,0,10,5,0,
ktimatoependitiki.gr,2448,108,97,91,24,0,8,0,0,
realestate.hellaspm.gr,104,103,103,103,0,0,10,0,0,
alfa-realestate.gr,371,103,103,83,0,0,9,0,0,
libra-properties.gr,336,103,103,72,0,0,10,0,0,
diamanti.realestate,340,100,100,89,0,0,10,0,0,
abitazione.gr,322,99,99,73,1,0,8,1,0,
diamondgroup5.com,98,97,97,97,0,0,10,0,0,
pro-capital.gr,325,95,95,80,18,0,6,0,0,
acb.gr,93,92,92,92,0,0,10,0,0,
rewize.com,1337,91,90,81,0,58,32,0,0,
villaingr.com,437,91,88,78,1,0,10,3,0,
casa-dk.gr,306,90,90,69,0,0,10,0,0,
grekodom.gr,6358,89,89,89,0,51,29,0,0,
nore.gr,196,82,82,81,1,0,9,0,0,
halkidikiproperties.com,583,80,44,80,0,0,10,0,0,
pisti-realestate.gr,135,79,79,79,0,0,10,0,0,
terrahomes.gr,200,77,77,77,0,0,10,0,0,
estianet.com,119,76,75,76,0,0,10,0,0,
makedonika-akinita.gr,337,75,75,57,0,0,10,2,0,
2310realestate.gr,64,73,60,73,2,0,10,0,0,
politia.gr,73,73,73,69,0,0,10,0,0,
lrealestate.gr,120,73,72,73,0,0,10,1,0,
monopoly40.com,72,72,72,72,0,0,10,0,0,
spiti365.gr,345,72,72,58,0,0,10,5,0,
idealproperties.gr,318,72,70,57,8,0,7,0,0,
thessrealestate.gr,72,71,71,71,0,0,10,0,0,
dora.estate,71,70,70,65,0,0,10,0,0,
magicalhomes.gr,113,70,69,70,0,0,10,0,0,
trigonoreal.gr,70,70,69,70,0,0,10,0,0,
enterhome.com.gr,106,69,67,69,0,0,10,0,0,
artiplan.gr,90,66,66,49,0,0,10,0,0,
abestate.gr,91,66,65,66,0,0,10,0,0,
vidis.gr,314,66,66,52,0,0,10,0,0,
domisisproperties.gr,334,65,65,49,2,0,8,5,0,
vourtisrealestate.gr,61,65,65,60,0,0,10,0,0,
hellenic-home.gr,100,63,63,63,0,0,10,0,0,
remaxbest.gr,201,62,62,46,0,0,6,1,0,
karanikolas-estate.gr,60,58,28,58,0,0,10,0,0,
georgiadourealestate.gr,338,58,58,46,0,0,9,0,0,
basirealestate.gr,49,57,57,55,0,0,10,0,0,
karanastasisrealestate.gr,57,57,50,57,0,0,10,1,0,
four-walls.gr,46,56,0,56,0,0,10,0,0,
elsueno-realestate.gr,62,56,56,56,0,0,10,0,0,
ependisis-akiniton.gr,341,56,56,52,9,10,0,0,0,
katikia.com.gr,54,54,54,53,0,0,10,0,0,
quantapro.gr,47,54,54,54,3,0,8,0,0,
mesitikodimou.gr,150,54,54,45,0,0,4,2,0,
remax-domino.gr,56,54,54,54,0,0,0,0,0,
keyland.gr,46,53,53,51,0,0,9,0,0,
magdalinos.gr,46,53,53,53,0,0,7,0,0,
papastefanou.gr,52,52,52,52,0,0,10,0,0,
alemarestate.com,52,52,52,47,4,0,0,0,0,
roman-realestate.com,53,51,49,47,0,0,10,0,0,
smarthousegreece.gr,42,51,51,46,3,0,9,0,0,
mesitiko-filon.gr,202,50,50,39,0,0,10,1,0,
progresorealestate.gr,46,50,50,47,0,0,7,4,0,
pasalidis-realestate.gr,336,50,50,41,20,0,0,0,0,
best-house.gr,49,49,49,48,0,0,10,0,0,
gaiarealty.gr,48,48,48,48,0,0,10,0,0,
greenandgrey.gr,49,48,48,44,14,0,9,0,0,
oikein.gr,331,48,48,46,0,0,10,0,0,
georgakos.com,47,47,47,47,0,0,10,0,0,
pozoglourealestate.gr,39,47,47,47,0,0,9,0,0,
ependitikiaigaiou.gr,310,47,47,34,0,0,6,0,0,
eightrealestate.gr,37,43,43,43,3,0,6,0,0,
alfahome.gr,72,42,42,42,0,0,10,0,0,
liberty.com.gr,289,42,42,38,0,0,10,0,0,
houseland-estate.gr,35,42,42,42,3,0,8,0,0,
makler.gr,38,40,40,40,0,0,10,0,0,
sarrisgroup.com,133,39,39,30,0,0,10,0,0,
lamprakirealestate.gr,33,38,38,33,2,0,7,3,0,
edmaestate.gr,32,38,30,38,4,0,9,0,0,
gproperty.gr,31,37,37,36,0,0,10,0,0,
natiordanou.gr,37,37,35,37,0,0,10,0,0,
sivris-realestate.gr,36,36,36,36,0,0,10,0,0,
elysianestate.gr,29,36,34,36,0,0,9,0,0,
mykatoikia4u.gr,31,36,33,36,0,0,9,0,0,
poseidonrealestate.gr,37,36,36,31,1,0,0,0,0,
interakinita.gr,34,34,34,34,0,0,10,0,0,
kosmopolishouse.gr,34,34,33,30,0,0,10,1,0,
antoniouhome.gr,33,34,34,34,1,0,9,2,0,
remax-analogia.gr,27,34,34,34,1,0,7,0,0,
gougleri.eu,26,33,33,33,0,0,7,0,0,
remax.gr,252,33,33,33,0,0,6,0,0,
renovahouse.gr,32,32,32,32,0,0,10,0,0,
concepthouse.gr,31,31,31,31,0,0,8,0,0,
home-4all.gr,32,31,31,31,0,0,10,0,0,
unityrealestate.gr,31,31,31,31,0,0,9,0,0,
themidarealestate.gr,281,31,31,27,0,0,5,0,0,
go4deal.gr,30,30,30,29,0,0,10,0,0,
xrimainvestments.gr,31,30,30,30,0,0,0,0,0,
greekexclusiveproperties.com,38,29,29,9,1,0,9,0,0,
gfrealestate.gr,22,29,29,29,0,0,8,0,0,
pazartzis.gr,21,29,29,29,2,0,9,0,0,
aarealestate.gr,19,28,28,28,0,0,10,0,0,
ikima.gr,18,28,28,28,0,0,10,0,0,
asimis-realestate.gr,28,28,28,28,0,0,9,0,0,
panagiotopoulosrealestate.gr,22,27,27,27,0,0,7,0,0,
elegancerealestate.gr,21,26,26,25,1,0,6,1,0,
realpraxis.gr,26,26,24,26,0,0,6,0,0,
residencepro.gr,23,25,25,25,1,0,7,0,0,
remaxaxis.gr,18,25,25,25,0,0,7,0,0,
agarealestate.gr,24,23,23,23,0,0,5,0,0,
forhomerealestate.gr,22,22,22,22,0,0,3,0,0,
fithome.gr,44,22,22,22,0,0,2,0,0,
remax-today.eu,19,22,22,22,0,0,5,0,0,
ademisrealestate.gr,18,21,21,21,0,0,6,0,0,
grekostarproperties.com,21,21,21,21,0,0,7,0,0,
inhomeskg.gr,21,21,21,21,0,0,9,0,0,
angelou-realestate.gr,19,19,19,14,0,0,2,0,0,
thelokatoikia.gr,20,19,19,17,0,0,0,0,0,
bee-one.gr,16,19,0,19,0,0,10,0,0,
swan-real-estate.com,19,19,19,19,0,0,1,0,0,
filoktimatiki.gr,19,19,19,19,19,0,0,0,0,
proterraproperties.gr,24,19,19,19,19,0,0,0,0,
cityzenrealestate.gr,18,18,18,18,0,0,1,0,0,
istosproperties.com,15,18,18,18,0,0,10,1,0,
bee-panoramic.gr,16,17,0,17,2,0,10,0,0,
skoreal.gr,17,17,17,17,0,0,8,0,0,
domestia.gr,16,16,16,16,0,0,3,0,0,
theprosperty.com,16,16,1,16,0,0,0,0,0,
oikies.net,9,15,15,15,0,0,7,0,0,
tailor-madeproperty.gr,17,15,15,15,0,0,0,0,0,
civilhome.gr,15,14,14,13,0,0,0,0,0,
agnrealestate.gr,14,14,14,14,0,0,1,0,0,
alphaermis.com,17,13,13,13,0,0,0,0,0,
streetrealestate.gr,9,13,13,13,0,0,8,1,0,
easyhomethess.gr,233,12,12,10,0,0,0,0,0,
remaxexcellence.gr,12,12,12,12,0,0,1,0,0,
realestateprofessionals.gr,19,12,12,12,12,0,0,0,0,
hmrealestate.gr,11,11,11,11,0,0,0,0,0,
finderhome.gr,75,11,11,11,0,0,0,0,0,
dimou-realestate.gr,12,11,10,10,0,0,0,0,0,
home24realestate.gr,10,10,10,10,0,0,3,0,0,
mynext-home.gr,10,10,10,0,0,0,0,0,0,
anastasiouproperties.gr,8,9,9,9,2,0,1,0,0,
home365gr.gr,9,9,9,9,0,0,1,0,0,
kmpproperty.gr,10,9,9,4,0,0,0,0,0,
topsisrealestate.gr,9,9,9,9,0,0,0,0,0,
kwnorth.gr,9,9,9,9,0,0,0,0,0,
squaremeter.gr,8,8,8,8,0,0,1,0,0,
zikashouse.gr,8,8,8,8,0,0,0,0,0,
impereal.estate,6,6,6,6,0,0,0,0,0,
keramidogatosrealestate.gr,6,6,6,6,1,0,2,0,0,
oikodromio.com,6,6,6,4,0,0,0,0,0,
pkrealtysolutions.com,6,6,6,6,0,0,0,0,0,
simaestate.gr,6,6,6,6,0,0,0,0,0,
thessmesiti.gr,6,6,6,6,0,0,0,0,0,
apoiko.gr,13,6,6,6,0,0,2,0,0,
luxuryrealestate.gr,6,6,6,6,0,0,0,0,0,
enoikiaseiskatoikionthessaloniki.gr,10,6,6,6,6,0,0,0,0,
greximo.com,206,4,2,2,0,0,0,0,0,
proliving.gr,4,4,4,4,0,0,0,0,0,
bitsimis-real-homes.gr,392,4,4,4,4,0,0,0,0,
estatecenter.gr,10,2,2,2,0,0,0,0,0,
papanakli.gr,1,1,1,1,0,0,0,0,0,
borasnewstart.gr,0,0,0,0,0,0,0,0,0,
daskalakiproperties.gr,0,0,0,0,0,0,0,0,0,
gmakproperties.gr,0,0,0,0,0,0,0,0,0,HTTPError
maddrealestate.gr,0,0,0,0,0,0,0,0,0,HTTPError
matrik.gr,0,0,0,0,0,0,0,0,0,
kexagias-estate.gr,0,0,0,0,0,0,0,0,0,
melathron.estate,0,0,0,0,0,0,0,0,0,
mesit.gr,0,0,0,0,0,0,0,0,0,
metropolis-realestate.gr,2,0,0,0,0,0,0,0,0,
organosi-spitia.gr,0,0,0,0,0,0,0,0,0,
reinvest.gr,0,0,0,0,0,0,0,0,0,
nautilusproperty.com,0,0,0,0,0,0,0,0,0,
realten.gr,0,0,0,0,0,0,0,0,0,URLError
home-life.gr,395,0,0,0,0,0,0,0,0,
spitaronarealestate.gr,0,0,0,0,0,0,0,0,0,
trustate.gr,1,0,0,0,0,0,0,0,0,
vogkoli-realestate.gr,0,0,0,0,0,0,0,0,0,URLError
argirakisparaskevas.com,0,0,0,0,0,0,0,0,0,
sirunproperty.com,0,0,0,0,0,0,0,0,0,
artemisrealestate.gr,0,0,0,0,0,0,0,0,0,
anagnostidis.gr,0,0,0,0,0,0,0,0,0,
kalivasestate.gr,0,0,0,0,0,0,0,0,0,
akinitalazaridi.gr,0,0,0,0,0,0,0,0,0,
vistaestate.gr,0,0,0,0,0,0,0,0,0,
aki-nito.gr,0,0,0,0,0,0,0,0,0,URLError
1spiti.gr,0,0,0,0,0,0,0,0,0,URLError
balaskasproperties.gr,0,0,0,0,0,0,0,0,0,HTTPError
ai-golden.com,0,0,0,0,0,0,0,0,0,URLError
info-x.gr,0,0,0,0,0,0,0,0,0,URLError
gandjrealestate.gr,0,0,0,0,0,0,0,0,0,URLError
ioannidishome.gr,0,0,0,0,0,0,0,0,0,
planet-akinita.gr,0,0,0,0,0,0,0,0,0,URLError
pointers.gr,0,0,0,0,0,0,0,0,0,
propertyexperts.gr,0,0,0,0,0,0,0,0,0,URLError
passasrealestate.gr,0,0,0,0,0,0,0,0,0,URLError
rbproperties.gr,0,0,0,0,0,0,0,0,0,URLError
property-deal.gr,0,0,0,0,0,0,0,0,0,
thesskatoikia.gr,0,0,0,0,0,0,0,0,0,URLError
tsakalidis.gr,0,0,0,0,0,0,0,0,0,URLError
elepak.gr,0,0,0,0,0,0,0,0,0,URLError
mesitiki.gr,0,0,0,0,0,0,0,0,0,URLError
tkproperties.gr,0,0,0,0,0,0,0,0,0,URLError
refinedproperties.gr,0,0,0,0,0,0,0,0,0,URLError
rethess.com,0,0,0,0,0,0,0,0,0,URLError
citybuild.gr,0,0,0,0,0,0,0,0,0,URLError
invista.gr,0,0,0,0,0,0,0,0,0,
mesitikopap.gr,0,0,0,0,0,0,0,0,0,URLError
