source_domain,agency,url,title,transaction,type,price_eur,area_m2,bedrooms,floor,year_built,location,lat,lon,image,date_published,date_updated,date_sitemap,date_source,scraped_at,remax_id
remax.gr,REMAX Today,https://www.remax.gr/property/191899-enoikiasi-agrotemachio-mediterranean-cosmos,"Αγροτεμάχιο · Mediterranean Cosmos · Πυλαία, Θεσσαλονίκη Περιφερειακοί Δήμοι",rent,,1000.0,1000.0,,,,"Mediterranean Cosmos, Πυλαία, Θεσσαλονίκη Περιφερειακοί Δήμοι",40.551912229872,22.991423606873,https://www.remax.gr/assets/media/properties/medium/191899_131595173.jpeg?v=10084467,,,,,2026-09-28T19:40:58Z,191899
remax.gr,REMAX Best,https://www.remax.gr/property/193681-polisi-oikopedo-gia-katoikia-anw-polh,Οικόπεδο για κατοικία · Άνω Πόλη · Θεσσαλονίκη Δήμος,sale,,140000.0,70.0,,,,"Άνω Πόλη, Θεσσαλονίκη Δήμος",40.6408578,22.9608393,https://www.remax.gr/assets/media/properties/medium/193681_6_6863498.jpeg?v=8169431,,,,,2026-09-28T19:40:58Z,193681
remax.gr,REMAX Analogia,https://www.remax.gr/property/219500-enoikiasi-agrotemachio-aggeloxwri,"Αγροτεμάχιο · Αγγελοχώρι · Μηχανιώνα, Θεσσαλονίκη Περιφερειακοί Δήμοι",rent,,400.0,7400.0,,,,"Αγγελοχώρι, Μηχανιώνα, Θεσσαλονίκη Περιφερειακοί Δήμοι",40.497271862195,22.830619812012,https://www.remax.gr/assets/media/properties/medium/219500_91_7799462.jpeg?v=13058504,,,,,2026-09-28T19:40:58Z,219500
remax.gr,REMAX Best,https://www.remax.gr/property/253213-polisi-epicheirisi-agios-giwrgios-trwada,"Επιχείρηση · Άγιος Γιώργιος-Τρώαδα · Νεάπολη, Θεσσαλονίκη Περιφερειακοί Δήμοι",sale,,15000.0,40.0,1,Ισόγειο,,"Άγιος Γιώργιος-Τρώαδα, Νεάπολη, Θεσσαλονίκη Περιφερειακοί Δήμοι",40.6515494,22.94772,https://www.remax.gr/assets/media/properties/medium/253213_6_8261507.jpeg?v=8059047,,,,,2026-09-28T19:40:58Z,253213
remax.gr,REMAX Today,https://www.remax.gr/property/254420-polisi-xenodocheio-neoi-epibates,"Ξενοδοχείο · Νέοι Επιβάτες · Θερμαϊκός, Θεσσαλονίκη Περιφερειακοί Δήμοι",sale,,1000.0,680.0,12,Ισόγειο,,"Νέοι Επιβάτες, Θερμαϊκός, Θεσσαλονίκη Περιφερειακοί Δήμοι",40.499920645914,22.912578320806,https://www.remax.gr/assets/media/properties/medium/254420_139365349.jpeg?v=9351286,,,,,2026-09-28T19:40:58Z,254420
remax.gr,REMAX Today,https://www.remax.gr/property/274921-polisi-agrotemachio-elaiwnes,"Αγροτεμάχιο · Ελαιώνες · Πυλαία, Θεσσαλονίκη Περιφερειακοί Δήμοι",sale,,1000.0,29576.0,,,,"Ελαιώνες, Πυλαία, Θεσσαλονίκη Περιφερειακοί Δήμοι",40.600785454917,23.004510034431,https://www.remax.gr/assets/media/properties/medium/274921_145886333.jpeg?v=12235526,,,,,2026-09-28T19:40:58Z,274921
remax.gr,REMAX Gold,https://www.remax.gr/property/277783-enoikiasi-agrotemachio-galhnh,"Αγροτεμάχιο · Γαλήνη · Ωραιόκαστρο, Θεσσαλονίκη Περιφερειακοί Δήμοι",rent,,700.0,5000.0,,,,"Γαλήνη, Ωραιόκαστρο, Θεσσαλονίκη Περιφερειακοί Δήμοι",40.716277527377,22.912823655892,https://www.remax.gr/assets/media/properties/medium/277783_1054_149702026.jpeg?v=8229352,,,,,2026-09-28T19:40:58Z,277783
remax.gr,REMAX Gold,https://www.remax.gr/property/277792-polisi-agrotemachio-pentalofos,"Αγροτεμάχιο · Πεντάλοφος · Καλλιθέα, Θεσσαλονίκη Περιφερειακοί Δήμοι",sale,,10000.0,4000.0,,,,"Πεντάλοφος, Καλλιθέα, Θεσσαλονίκη Περιφερειακοί Δήμοι",40.761072838715,22.822127449308,https://www.remax.gr/assets/media/properties/medium/277792_1057_147201210.jpeg?v=8229380,,,,,2026-09-28T19:40:58Z,277792
remax.gr,REMAX Welcome,https://www.remax.gr/property/279170-polisi-oikopedo-gia-katoikia-panagia-fanerwmenh,Οικόπεδο για κατοικία · Παναγία Φανερωμένη · Θεσσαλονίκη Δήμος,sale,,220000.0,261.0,,,,"Παναγία Φανερωμένη, Θεσσαλονίκη Δήμος",40.645968535016,22.937263980762,https://www.remax.gr/assets/media/properties/medium/279170_99_17462017.jpeg?v=8256393,,,,,2026-09-28T19:40:58Z,279170
remax.gr,REMAX Gold,https://www.remax.gr/property/283105-polisi-monokatoikia-kymina,"Μονοκατοικία · Κύμινα · Αξιός, Θεσσαλονίκη Περιφερειακοί Δήμοι",sale,,52000.0,70.0,3,Ισόγειο,,"Κύμινα, Αξιός, Θεσσαλονίκη Περιφερειακοί Δήμοι",40.62253700000001,22.7314709,https://www.remax.gr/assets/media/properties/medium/283105_p1jna0j8u91e5q1qoa7re1m2trmg4.jpg?v=13952320,,,,,2026-09-28T19:40:58Z,283105
remax.gr,REMAX Gold,https://www.remax.gr/property/285392-polisi-oikopedo-gia-epaggelmatiki-chrisi-asbestoxwri,"Οικόπεδο για επαγγελματική χρήση · Ασβεστοχώρι · Χορτιάτης, Θεσσαλονίκη Περιφερειακοί Δήμοι",sale,,8000.0,290.0,,,,"Ασβεστοχώρι, Χορτιάτης, Θεσσαλονίκη Περιφερειακοί Δήμοι",40.6455525,23.0118975,https://www.remax.gr/assets/media/properties/medium/285392_p1im5hgdkdlgk1ko51l7v1avn1lri4.jpg?v=11291474,,,,,2026-09-28T19:40:58Z,285392
remax.gr,REMAX Gold,https://www.remax.gr/property/291335-enoikiasi-agrotemachio-anwthen-perifereiakoy,"Αγροτεμάχιο · Άνωθεν Περιφερειακού · Εύοσμος, Θεσσαλονίκη Περιφερειακοί Δήμοι",rent,,1000.0,4500.0,,,,"Άνωθεν Περιφερειακού, Εύοσμος, Θεσσαλονίκη Περιφερειακοί Δήμοι",40.680836088949164,22.908431863476576,https://www.remax.gr/assets/media/properties/medium/291335_p1intpot9nhj38fo1p5s1h0j1c7k4.jpg?v=11425047,,,,,2026-09-28T19:40:58Z,291335
remax.gr,REMAX Gold,https://www.remax.gr/property/301140-enoikiasi-grafeio-kentro-8essalonikh,Γραφείο · Κέντρο (Θεσσαλονίκη) · Θεσσαλονίκη Δήμος,rent,,260.0,25.0,2,2ος,,"Κέντρο (Θεσσαλονίκη), Θεσσαλονίκη Δήμος",40.6358912,22.9372038,https://www.remax.gr/assets/media/properties/medium/301140_p1inorthec1quj17hv1d8n1ccn1o4t4.jpg?v=11414120,,,,,2026-09-28T19:40:58Z,301140
remax.gr,REMAX Gold,https://www.remax.gr/property/302372-polisi-oikopedo-gia-katoikia-lhth,"Οικόπεδο για κατοικία · Λητή · Μυγδονία, Θεσσαλονίκη Περιφερειακοί Δήμοι",sale,,15000.0,145.0,,,,"Λητή, Μυγδονία, Θεσσαλονίκη Περιφερειακοί Δήμοι",40.7404458,23.0618913,https://www.remax.gr/assets/media/properties/medium/302372_p1into3the1r2d13r91iled0tpm4.jpg?v=11424890,,,,,2026-09-28T19:40:58Z,302372
remax.gr,REMAX Today,https://www.remax.gr/property/303211-polisi-oikopedo-gia-katoikia-laxanokhpoi,Οικόπεδο για κατοικία · Λαχανόκηποι · Θεσσαλονίκη Δήμος,sale,,700000.0,588.0,,,,"Λαχανόκηποι, Θεσσαλονίκη Δήμος",40.648877340405,22.920310313155,https://www.remax.gr/assets/media/properties/medium/303211_151617358.jpeg?v=9008121,,,,,2026-09-28T19:40:58Z,303211
remax.gr,REMAX Gold,https://www.remax.gr/property/306002-enoikiasi-katastima-eleytherio-kordelio,Κατάστημα · Ελευθέριο-Κορδελιό · Θεσσαλονίκη Περιφερειακοί Δήμοι,rent,,250.0,145.0,2,Υπόγειο,,"Ελευθέριο-Κορδελιό, Θεσσαλονίκη Περιφερειακοί Δήμοι",40.670259465953265,22.893287080395513,https://www.remax.gr/assets/media/properties/medium/306002_p1ir7kln41g6p11al1mjlng51crb4.jpg?v=11664268,,,,,2026-09-28T19:40:58Z,306002
remax.gr,REMAX Gold 2,https://www.remax.gr/property/308799-polisi-grafeio-bardarhs,Γραφείο · Βαρδάρης · Θεσσαλονίκη Δήμος,sale,,30000.0,30.0,1,Ημιόροφος,,"Βαρδάρης, Θεσσαλονίκη Δήμος",40.6433635,22.9339563,https://www.remax.gr/assets/media/properties/medium/308799_p1hhcdgbk216dr18f0s822oav6l4.jpg?v=9208848,,,,,2026-09-28T19:40:58Z,308799
remax.gr,REMAX Best,https://www.remax.gr/property/311376-polisi-apothiki-filyro,"Αποθήκη · Φίλυρο · Χορτιάτης, Θεσσαλονίκη Περιφερειακοί Δήμοι",sale,,19000.0,70.0,1,Ισόγειο,,"Φίλυρο, Χορτιάτης, Θεσσαλονίκη Περιφερειακοί Δήμοι",40.6902637,23.0120861,https://www.remax.gr/assets/media/properties/medium/311376_7_11042757.jpeg?v=9312478,,,,,2026-09-28T19:40:58Z,311376
remax.gr,REMAX Gold 2,https://www.remax.gr/property/312882-enoikiasi-agrotemachio-neo-rysio,"Αγροτεμάχιο · Νέο Ρύσιο · Θέρμη, Θεσσαλονίκη Περιφερειακοί Δήμοι",rent,,500.0,3937.0,,,,"Νέο Ρύσιο, Θέρμη, Θεσσαλονίκη Περιφερειακοί Δήμοι",40.522512,23.0280768,https://www.remax.gr/assets/media/properties/medium/312882_p1inc025vj1f8dhhbolr1lq21a364.jpg?v=11385753,,,,,2026-09-28T19:40:58Z,312882
remax.gr,REMAX Gold,https://www.remax.gr/property/315839-polisi-oikopedo-gia-katoikia-anw-polh,Οικόπεδο για κατοικία · Άνω Πόλη · Θεσσαλονίκη Δήμος,sale,,122000.0,149.0,,,,"Άνω Πόλη, Θεσσαλονίκη Δήμος",40.6376556,22.9543476,https://www.remax.gr/assets/media/properties/medium/315839_p1iq12um37h3vsn353p8da13n95.jpg?v=11559137,,,,,2026-09-28T19:40:58Z,315839
remax.gr,REMAX Welcome,https://www.remax.gr/property/317354-polisi-gkarsoniera-studio-panagia-fanerwmenh,Γκαρσονιέρα/Studio · Παναγία Φανερωμένη · Θεσσαλονίκη Δήμος,sale,,62000.0,56.0,1,Ισόγειο,,"Παναγία Φανερωμένη, Θεσσαλονίκη Δήμος",40.64797757836,22.936650934124,https://www.remax.gr/assets/media/properties/medium/317354_107_25977889.jpeg?v=13429436,,,,,2026-09-28T19:40:58Z,317354
remax.gr,REMAX Gold,https://www.remax.gr/property/320992-polisi-agrotemachio-nea-filadelfeia,"Αγροτεμάχιο · Νέα Φιλαδέλφεια · Καλλιθέα, Θεσσαλονίκη Περιφερειακοί Δήμοι",sale,,18000.0,6750.0,,,,"Νέα Φιλαδέλφεια, Καλλιθέα, Θεσσαλονίκη Περιφερειακοί Δήμοι",40.7387568,22.8613026,https://www.remax.gr/assets/media/properties/medium/320992_p1ir7a9u1i1h2c1nv5fcbc2sd685.jpg?v=11662977,,,,,2026-09-28T19:40:58Z,320992
remax.gr,REMAX Gold 2,https://www.remax.gr/property/321372-polisi-apothiki-kentro-8essalonikh,Αποθήκη · Κέντρο (Θεσσαλονίκη) · Θεσσαλονίκη Δήμος,sale,,30000.0,302.0,,Υπόγειο,,"Κέντρο (Θεσσαλονίκη), Θεσσαλονίκη Δήμος",40.6409812,22.9464999,https://www.remax.gr/assets/media/properties/medium/321372_p1hr697rn9n5b7k4lfif314ji4.jpg?v=9691560,,,,,2026-09-28T19:40:58Z,321372
remax.gr,REMAX Gold,https://www.remax.gr/property/321941-polisi-epicheirisi-agia-sofia,"Επιχείρηση · Αγία Σοφία · Κέντρο (Θεσσαλονίκη), Θεσσαλονίκη Δήμος",sale,,27000.0,156.0,3,Ισόγειο,,"Αγία Σοφία, Κέντρο (Θεσσαλονίκη), Θεσσαλονίκη Δήμος",40.6349904,22.9519038,https://www.remax.gr/assets/media/properties/medium/321941_p1im5ng11mj7u1i77im11bj610kk4.jpg?v=11291762,,,,,2026-09-28T19:40:58Z,321941
remax.gr,REMAX Gold,https://www.remax.gr/property/330217-polisi-epicheirisi-wraiokastro,Επιχείρηση · Ωραιόκαστρο · Θεσσαλονίκη Περιφερειακοί Δήμοι,sale,,29000.0,81.0,4,1ος,,"Ωραιόκαστρο, Θεσσαλονίκη Περιφερειακοί Δήμοι",40.72587693842397,22.91960396977538,https://www.remax.gr/assets/media/properties/medium/330217_p1im7ucr321gu21kajnd71nrar3q4.jpg?v=11298005,,,,,2026-09-28T19:40:58Z,330217
remax.gr,REMAX Gold,https://www.remax.gr/property/331716-polisi-monokatoikia-monolofo,"Μονοκατοικία · Μονόλοφο · Καλλιθέα, Θεσσαλονίκη Περιφερειακοί Δήμοι",sale,,29000.0,70.0,2,Ισόγειο,,"Μονόλοφο, Καλλιθέα, Θεσσαλονίκη Περιφερειακοί Δήμοι",40.7387568,22.8613026,https://www.remax.gr/assets/media/properties/medium/331716_p1iov9r7q5scf1io1970bca1m4a4.jpg?v=11508715,,,,,2026-09-28T19:40:58Z,331716
remax.gr,REMAX Gold 2,https://www.remax.gr/property/337942-polisi-apothiki-kalamaria,Αποθήκη · Καλαμαριά · Θεσσαλονίκη Περιφερειακοί Δήμοι,sale,,14250.0,110.0,,Υπόγειο,,"Καλαμαριά, Θεσσαλονίκη Περιφερειακοί Δήμοι",40.5759319509778,22.952181510095198,https://www.remax.gr/assets/media/properties/medium/337942_p1i7m4a5khonsfo212mh1lm6c774.jpg?v=10370158,,,,,2026-09-28T19:40:58Z,337942
remax.gr,REMAX Gold 2,https://www.remax.gr/property/338337-polisi-mezoneta-soyrwth,"Μεζονέτα · Σουρωτή · Βασιλικά, Θεσσαλονίκη Περιφερειακοί Δήμοι",sale,,49000.0,187.0,3,Ισόγειο,,"Σουρωτή, Βασιλικά, Θεσσαλονίκη Περιφερειακοί Δήμοι",40.4849974,23.1309372,https://www.remax.gr/assets/media/properties/medium/338337_p1i82e2e7m1hv45im158mil6kb24.jpg?v=10386458,,,,,2026-09-28T19:40:58Z,338337
remax.gr,REMAX Gold,https://www.remax.gr/property/339730-enoikiasi-agrotemachio-sindos,"Αγροτεμάχιο · Σίνδος · Εχέδωρος, Θεσσαλονίκη Περιφερειακοί Δήμοι",rent,,1900.0,6402.0,,,,"Σίνδος, Εχέδωρος, Θεσσαλονίκη Περιφερειακοί Δήμοι",40.69789395724666,22.84424076347657,https://www.remax.gr/assets/media/properties/medium/339730_p1intt7us3gq7pm110971chb10qr4.jpg?v=11425538,,,,,2026-09-28T19:40:58Z,339730
remax.gr,REMAX Today,https://www.remax.gr/property/340221-polisi-apothiki-leykos-pyrgos,Αποθήκη · Λευκός Πύργος · Θεσσαλονίκη Δήμος,sale,,25000.0,100.0,,Υπόγειο,,"Λευκός Πύργος, Θεσσαλονίκη Δήμος",,,https://www.remax.gr/assets/media/properties/medium/340221_158212653.jpeg?v=10484018,,,,,2026-09-28T19:40:58Z,340221
remax.gr,REMAX Gold,https://www.remax.gr/property/341308-polisi-apothiki-xarilaoy,Αποθήκη · Χαριλάου · Θεσσαλονίκη Δήμος,sale,,25000.0,260.0,1,Υπόγειο,,"Χαριλάου, Θεσσαλονίκη Δήμος",40.60212569999999,22.9727602,https://www.remax.gr/assets/media/properties/medium/341308_p1iqo6u7j619fj15ch15si1l68oul4.jpg?v=11616878,,,,,2026-09-28T19:40:58Z,341308
remax.gr,REMAX Gold,https://www.remax.gr/property/342330-polisi-oikopedo-gia-katoikia-anwthen-perifereiakoy,"Οικόπεδο για κατοικία · Άνωθεν Περιφερειακού · Εύοσμος, Θεσσαλονίκη Περιφερειακοί Δήμοι",sale,,999.0,1000.0,,,,"Άνωθεν Περιφερειακού, Εύοσμος, Θεσσαλονίκη Περιφερειακοί Δήμοι",40.67627963960861,22.907916879345716,https://www.remax.gr/assets/media/properties/medium/342330_p1imid5hvc825nl41kl21qdsnrt4.jpg?v=11317181,,,,,2026-09-28T19:40:58Z,342330
remax.gr,REMAX Gold 2,https://www.remax.gr/property/342930-enoikiasi-katastima-triandria,Κατάστημα · Τριανδρία · Θεσσαλονίκη Δήμος,rent,,290.0,43.0,1,Ισόγειο,,"Τριανδρία, Θεσσαλονίκη Δήμος",40.6222253,22.9708081,https://www.remax.gr/assets/media/properties/medium/342930_p1ine074e3106h19k9knk8ffoho4.jpg?v=11390405,,,,,2026-09-28T19:40:58Z,342930
remax.gr,REMAX Best,https://www.remax.gr/property/343061-enoikiasi-grafeio-kentro,"Γραφείο · Κέντρο · Νεάπολη, Θεσσαλονίκη Περιφερειακοί Δήμοι",rent,,250.0,65.0,1,1ος,,"Κέντρο, Νεάπολη, Θεσσαλονίκη Περιφερειακοί Δήμοι",40.652968991846,22.948958913974,https://www.remax.gr/assets/media/properties/medium/343061_6_13107991.jpeg?v=10709053,,,,,2026-09-28T19:40:58Z,343061
remax.gr,REMAX Gold,https://www.remax.gr/property/345473-enoikiasi-katastima-sindos,"Κατάστημα · Σίνδος · Εχέδωρος, Θεσσαλονίκη Περιφερειακοί Δήμοι",rent,,111.0,100.0,,Ισόγειο,,"Σίνδος, Εχέδωρος, Θεσσαλονίκη Περιφερειακοί Δήμοι",40.66042119999999,22.7748002,https://www.remax.gr/assets/media/properties/medium/345473_p1jpmuf4na1dku175de9g85c18aa6.jpg?v=14079249,,,,,2026-09-28T19:40:58Z,345473
remax.gr,REMAX Gold,https://www.remax.gr/property/347667-enoikiasi-apothiki-8ermh,Αποθήκη · Θέρμη · Θεσσαλονίκη Περιφερειακοί Δήμοι,rent,,120.0,10.0,1,Ισόγειο,,"Θέρμη, Θεσσαλονίκη Περιφερειακοί Δήμοι",40.54625670367638,23.022240313183573,https://www.remax.gr/assets/media/properties/medium/347667_p1ifpnhsusurc15a29n1g23o8g4.jpg?v=10938599,,,,,2026-09-28T19:40:58Z,347667
remax.gr,REMAX Gold 2,https://www.remax.gr/property/348865-enoikiasi-grafeio-kentro-8essalonikh,Γραφείο · Κέντρο (Θεσσαλονίκη) · Θεσσαλονίκη Δήμος,rent,,300.0,20.0,,Ημιόροφος,,"Κέντρο (Θεσσαλονίκη), Θεσσαλονίκη Δήμος",40.6353503,22.9405516,https://www.remax.gr/assets/media/properties/medium/348865_p1inm8cfbm13oa1uk11or81mk21kmv4.jpg?v=11407127,,,,,2026-09-28T19:40:58Z,348865
remax.gr,REMAX Gold,https://www.remax.gr/property/350226-polisi-epicheirisi-kaloxwri,"Επιχείρηση · Καλοχώρι · Εχέδωρος, Θεσσαλονίκη Περιφερειακοί Δήμοι",sale,,10000.0,100.0,,Ισόγειο,,"Καλοχώρι, Εχέδωρος, Θεσσαλονίκη Περιφερειακοί Δήμοι",40.6455582,22.8463007,https://www.remax.gr/assets/media/properties/medium/350226_p1iqo9f99012h61esd1q6m6ru1rnb4.jpg?v=11617073,,,,,2026-09-28T19:40:58Z,350226
remax.gr,REMAX Gold,https://www.remax.gr/property/352804-polisi-oikopedo-gia-katoikia-anw-polh,Οικόπεδο για κατοικία · Άνω Πόλη · Θεσσαλονίκη Δήμος,sale,,370000.0,308.0,,,,"Άνω Πόλη, Θεσσαλονίκη Δήμος",,,https://www.remax.gr/assets/media/properties/medium/352804_p1ipjsd3sk1ou170vp4blrv9up4.jpg?v=11532966,,,,,2026-09-28T19:40:58Z,352804
remax.gr,REMAX Gold,https://www.remax.gr/property/352984-polisi-epicheirisi-menemenh,Επιχείρηση · Μενεμένη · Θεσσαλονίκη Περιφερειακοί Δήμοι,sale,,30000.0,90.0,4,Ισόγειο,,"Μενεμένη, Θεσσαλονίκη Περιφερειακοί Δήμοι",40.656641029491546,22.908427395214854,https://www.remax.gr/assets/media/properties/medium/352984_p1ir7ffqr518t1eu42pk1ds3i236.jpg?v=11663393,,,,,2026-09-28T19:40:58Z,352984
remax.gr,REMAX Welcome,https://www.remax.gr/property/353551-polisi-parking-ypoloipo-kentroy-8essalonikhs,Parking · Υπόλοιπο κέντρου Θεσσαλονίκης · Θεσσαλονίκη Δήμος,sale,,25000.0,16.0,,Υπόγειο,,"Υπόλοιπο κέντρου Θεσσαλονίκης, Θεσσαλονίκη Δήμος",40.652952712566,22.907330504485,https://www.remax.gr/assets/media/properties/medium/353551_82_34076155.jpeg?v=11243984,,,,,2026-09-28T19:40:58Z,353551
remax.gr,REMAX Gold,https://www.remax.gr/property/354007-polisi-oikopedo-gia-katoikia-anwthen-perifereiakoy,"Οικόπεδο για κατοικία · Άνωθεν Περιφερειακού · Εύοσμος, Θεσσαλονίκη Περιφερειακοί Δήμοι",sale,,999.0,1686.0,,,,"Άνωθεν Περιφερειακού, Εύοσμος, Θεσσαλονίκη Περιφερειακοί Δήμοι",40.67810225671716,22.911693429638685,https://www.remax.gr/assets/media/properties/medium/354007_p1im04a5rpemj1c7mead18jg61c4.jpg?v=11274112,,,,,2026-09-28T19:40:58Z,354007
remax.gr,REMAX Gold,https://www.remax.gr/property/354372-enoikiasi-agrotemachio-anwthen-perifereiakoy,"Αγροτεμάχιο · Άνωθεν Περιφερειακού · Εύοσμος, Θεσσαλονίκη Περιφερειακοί Δήμοι",rent,,500.0,1350.0,,,,"Άνωθεν Περιφερειακού, Εύοσμος, Θεσσαλονίκη Περιφερειακοί Δήμοι",40.6670356,22.9104918,https://www.remax.gr/assets/media/properties/medium/354372_p1im7ktrev1e9dm0ck33ltlsm4.jpg?v=11295837,,,,,2026-09-28T19:40:58Z,354372
remax.gr,REMAX Gold,https://www.remax.gr/property/356100-polisi-oikopedo-gia-katoikia-agios-dhmhtrios,Οικόπεδο για κατοικία · Άγιος Δημήτριος · Θεσσαλονίκη Δήμος,sale,,139000.0,106.0,,,,"Άγιος Δημήτριος, Θεσσαλονίκη Δήμος",40.6430365,22.9401863,https://www.remax.gr/assets/media/properties/medium/356100_p1jkna68ae17c9iubo6511djs7i4.jpg?v=13738323,,,,,2026-09-28T19:40:58Z,356100
remax.gr,REMAX Gold,https://www.remax.gr/property/358153-enoikiasi-katastima-papafh,Κατάστημα · Παπάφη · Θεσσαλονίκη Δήμος,rent,,220.0,20.0,1,,,"Παπάφη, Θεσσαλονίκη Δήμος",40.6205372,22.9639344,https://www.remax.gr/assets/media/properties/medium/358153_p1ipmdadajlfm166g7662qonq54.jpg?v=11539465,,,,,2026-09-28T19:40:58Z,358153
remax.gr,REMAX Gold,https://www.remax.gr/property/358648-polisi-katastima-8essalonikh-dhmos,Κατάστημα · Θεσσαλονίκη Δήμος · -,sale,,30000.0,10.0,1,Ημιόροφος,,"Θεσσαλονίκη Δήμος, -",40.64559892441762,22.92210510478516,https://www.remax.gr/assets/media/properties/medium/358648_p1iq8759ff1c6dii6p5ls741qph4.jpg?v=11569085,,,,,2026-09-28T19:40:58Z,358648
remax.gr,REMAX Gold,https://www.remax.gr/property/361904-enoikiasi-oikopedo-gia-epaggelmatiki-chrisi-eleytherio-kordelio,Οικόπεδο για επαγγελματική χρήση · Ελευθέριο-Κορδελιό · Θεσσαλονίκη Περιφερειακοί Δήμοι,rent,,1100.0,715.0,,,,"Ελευθέριο-Κορδελιό, Θεσσαλονίκη Περιφερειακοί Δήμοι",40.6675252,22.8969778,https://www.remax.gr/assets/media/properties/medium/361904_p1isoe55001idj1ql0ts7122s1u7s4.jpg?v=11766226,,,,,2026-09-28T19:40:58Z,361904
remax.gr,REMAX Gold,https://www.remax.gr/property/362405-enoikiasi-katastima-eleytherio-kordelio,Κατάστημα · Ελευθέριο-Κορδελιό · Θεσσαλονίκη Περιφερειακοί Δήμοι,rent,,320.0,35.0,,Ισόγειο,,"Ελευθέριο-Κορδελιό, Θεσσαλονίκη Περιφερειακοί Δήμοι",40.669413157519294,22.89414538728028,https://www.remax.gr/assets/media/properties/medium/362405_p1it2ijlk71ohu14rv1pq1j8lbu64.jpg?v=11798048,,,,,2026-09-28T19:40:58Z,362405
remax.gr,REMAX Best,https://www.remax.gr/property/362640-polisi-oikopedo-gia-katoikia-anw-polh,Οικόπεδο για κατοικία · Άνω Πόλη · Θεσσαλονίκη Δήμος,sale,,70000.0,90.0,,,,"Άνω Πόλη, Θεσσαλονίκη Δήμος",40.6432304,22.9474352,https://www.remax.gr/assets/media/properties/medium/362640_4_14959394.jpeg?v=11818016,,,,,2026-09-28T19:40:58Z,362640
remax.gr,REMAX Gold,https://www.remax.gr/property/363981-polisi-epicheirisi-eyosmos,Επιχείρηση · Εύοσμος · Θεσσαλονίκη Περιφερειακοί Δήμοι,sale,,27000.0,85.0,2,Ισόγειο,,"Εύοσμος, Θεσσαλονίκη Περιφερειακοί Δήμοι",40.6670356,22.9104918,https://www.remax.gr/assets/media/properties/medium/363981_p1j85jes9n5gf1tpeo212nq1fau4.jpg?v=12640127,,,,,2026-09-28T19:40:58Z,363981
remax.gr,REMAX Gold,https://www.remax.gr/property/365039-polisi-agrotemachio-neoxwroyda,"Αγροτεμάχιο · Νεοχωρούδα · Καλλιθέα, Θεσσαλονίκη Περιφερειακοί Δήμοι",sale,,5000.0,438.0,,,,"Νεοχωρούδα, Καλλιθέα, Θεσσαλονίκη Περιφερειακοί Δήμοι",40.7387568,22.8613026,https://www.remax.gr/assets/media/properties/medium/365039_p1iv5s1ns11h8v12ff5ii9ho10vn4.jpg?v=11957995,,,,,2026-09-28T19:40:58Z,365039
remax.gr,REMAX Gold,https://www.remax.gr/property/365042-polisi-agrotemachio-neoxwroyda,"Αγροτεμάχιο · Νεοχωρούδα · Καλλιθέα, Θεσσαλονίκη Περιφερειακοί Δήμοι",sale,,7000.0,1675.0,,,,"Νεοχωρούδα, Καλλιθέα, Θεσσαλονίκη Περιφερειακοί Δήμοι",40.7387568,22.8613026,https://www.remax.gr/assets/media/properties/medium/365042_p1iv5to76fs74hlfj6q1u63111o4.jpg?v=11958013,,,,,2026-09-28T19:40:58Z,365042
remax.gr,REMAX Gold,https://www.remax.gr/property/365045-polisi-agrotemachio-neoxwroyda,"Αγροτεμάχιο · Νεοχωρούδα · Καλλιθέα, Θεσσαλονίκη Περιφερειακοί Δήμοι",sale,,14000.0,1500.0,,,,"Νεοχωρούδα, Καλλιθέα, Θεσσαλονίκη Περιφερειακοί Δήμοι",40.7387568,22.8613026,https://www.remax.gr/assets/media/properties/medium/365045_p1iv5vri7m70u110l6t6t014ah5.jpg?v=11958048,,,,,2026-09-28T19:40:58Z,365045
remax.gr,REMAX Gold,https://www.remax.gr/property/366799-enoikiasi-grafeio-kentro-8essalonikh,Γραφείο · Κέντρο (Θεσσαλονίκη) · Θεσσαλονίκη Δήμος,rent,,250.0,28.0,1,5ος,,"Κέντρο (Θεσσαλονίκη), Θεσσαλονίκη Δήμος",40.6353503,22.9405516,https://www.remax.gr/assets/media/properties/medium/366799_p1j0f4pqj21iaf1ndspmk1h5tkvj4.jpg?v=12051672,,,,,2026-09-28T19:40:58Z,366799
remax.gr,REMAX Urban,https://www.remax.gr/property/367857-enoikiasi-apothiki-nea-raidestos,"Αποθήκη · Νέα Ραιδεστός · Θέρμη, Θεσσαλονίκη Περιφερειακοί Δήμοι",rent,,200.0,140.0,1,2ος,,"Νέα Ραιδεστός, Θέρμη, Θεσσαλονίκη Περιφερειακοί Δήμοι",40.5221504759,22.9833984375,https://www.remax.gr/assets/media/properties/medium/367857_img_d5ee1bb6_c88a_479f_b76d_9820d2bbc7dc.jpeg?v=14102883,,,,,2026-09-28T19:40:58Z,367857
remax.gr,REMAX Urban,https://www.remax.gr/property/367865-enoikiasi-agrotemachio-nea-raidestos,"Αγροτεμάχιο · Νέα Ραιδεστός · Θέρμη, Θεσσαλονίκη Περιφερειακοί Δήμοι",rent,,1200.0,4440.0,,,,"Νέα Ραιδεστός, Θέρμη, Θεσσαλονίκη Περιφερειακοί Δήμοι",40.52280342857,23.026142120361,https://www.remax.gr/assets/media/properties/medium/367865_img_98a8a2ba_bc66_4f8c_a3c9_c5fe64647e83.jpeg?v=14102875,,,,,2026-09-28T19:40:58Z,367865
remax.gr,REMAX Urban,https://www.remax.gr/property/368008-polisi-diamerisma-kentro,"Διαμέρισμα · Κέντρο · Θέρμη, Θεσσαλονίκη Περιφερειακοί Δήμοι",sale,,1000.0,110.0,3,2ος,,"Κέντρο, Θέρμη, Θεσσαλονίκη Περιφερειακοί Δήμοι",40.546331169477,23.009896820435,https://www.remax.gr/assets/media/properties/medium/368008_ebcb1ae6cb7f4c8e9f973f28486a9405.jpeg?v=14100916,,,,,2026-09-28T19:40:58Z,368008
remax.gr,REMAX Urban,https://www.remax.gr/property/368009-polisi-diamerisma-kentro,"Διαμέρισμα · Κέντρο · Θέρμη, Θεσσαλονίκη Περιφερειακοί Δήμοι",sale,,1000.0,110.0,3,1ος,,"Κέντρο, Θέρμη, Θεσσαλονίκη Περιφερειακοί Δήμοι",40.546331169477,23.009896820435,https://www.remax.gr/assets/media/properties/medium/368009_img_269bf677_4bd8_4e5d_ae7f_dad494cd9235.jpeg?v=14100928,,,,,2026-09-28T19:40:58Z,368009
remax.gr,REMAX Welcome,https://www.remax.gr/property/368265-enoikiasi-katastima-martioy,Κατάστημα · Μαρτίου · Θεσσαλονίκη Δήμος,rent,,250.0,32.0,1,Ισόγειο,,"Μαρτίου, Θεσσαλονίκη Δήμος",40.600871259501,22.956640789705,https://www.remax.gr/assets/media/properties/medium/368265_115_37854635.jpeg?v=12131612,,,,,2026-09-28T19:40:58Z,368265
remax.gr,REMAX Gold 2,https://www.remax.gr/property/368884-polisi-katastima-kentro-8essalonikh,Κατάστημα · Κέντρο (Θεσσαλονίκη) · Θεσσαλονίκη Δήμος,sale,,25000.0,17.0,1,Ισόγειο,,"Κέντρο (Θεσσαλονίκη), Θεσσαλονίκη Δήμος",40.64342725968815,22.941044606884756,https://www.remax.gr/assets/media/properties/medium/368884_p1j226sofd1coi1fgc1mtlbgcj0i4.jpg?v=12174528,,,,,2026-09-28T19:40:58Z,368884
remax.gr,REMAX Best,https://www.remax.gr/property/369314-enoikiasi-diamerisma-neapolh,Διαμέρισμα · Νεάπολη · Θεσσαλονίκη Περιφερειακοί Δήμοι,rent,,320.0,46.0,1,Ημιυπόγειο,,"Νεάπολη, Θεσσαλονίκη Περιφερειακοί Δήμοι",40.6514533,22.9442028,https://www.remax.gr/assets/media/properties/medium/369314_3_15568737.jpeg?v=12217580,,,,,2026-09-28T19:40:58Z,369314
remax.gr,REMAX Gold,https://www.remax.gr/property/371472-polisi-apothiki-dhmarxeioy,"Αποθήκη · Δημαρχείου · Αμπελόκηποι, Θεσσαλονίκη Περιφερειακοί Δήμοι",sale,,25500.0,52.0,2,Ημιυπόγειο,,"Δημαρχείου, Αμπελόκηποι, Θεσσαλονίκη Περιφερειακοί Δήμοι",40.6541997,22.9293738,https://www.remax.gr/assets/media/properties/medium/371472_p1j56ffjke3351mttp5t7habl14.jpg?v=12396220,,,,,2026-09-28T19:40:58Z,371472
remax.gr,REMAX Analogia,https://www.remax.gr/property/371725-enoikiasi-apothiki-khfisia,"Αποθήκη · Κηφισιά · Καλαμαριά, Θεσσαλονίκη Περιφερειακοί Δήμοι",rent,,260.0,110.0,1,Υπόγειο,,"Κηφισιά, Καλαμαριά, Θεσσαλονίκη Περιφερειακοί Δήμοι",40.593425408899,22.962176578131,https://www.remax.gr/assets/media/properties/medium/371725_94_28915960.jpeg?v=13329519,,,,,2026-09-28T19:40:58Z,371725
remax.gr,REMAX Gold,https://www.remax.gr/property/373868-enoikiasi-katastima-stayroypolh,Κατάστημα · Σταυρούπολη · Θεσσαλονίκη Περιφερειακοί Δήμοι,rent,,330.0,55.0,1,Ισόγειο,,"Σταυρούπολη, Θεσσαλονίκη Περιφερειακοί Δήμοι",40.6709768,22.9276937,https://www.remax.gr/assets/media/properties/medium/373868_p1j71lre821tgr1gvoch2a0815ek4.jpg?v=12537584,,,,,2026-09-28T19:40:58Z,373868
remax.gr,REMAX Gold,https://www.remax.gr/property/374028-enoikiasi-agrotemachio-neoxwroyda,"Αγροτεμάχιο · Νεοχωρούδα · Καλλιθέα, Θεσσαλονίκη Περιφερειακοί Δήμοι",rent,,900.0,10312.0,,,,"Νεοχωρούδα, Καλλιθέα, Θεσσαλονίκη Περιφερειακοί Δήμοι",40.73563512753648,22.87486384877928,https://www.remax.gr/assets/media/properties/medium/374028_p1j74ik6s6s7t16bt16b41bgu4lv4.jpg?v=12549918,,,,,2026-09-28T19:40:58Z,374028
remax.gr,REMAX Gold,https://www.remax.gr/property/374878-enoikiasi-gkarsoniera-studio-xarilaoy,Γκαρσονιέρα/Studio · Χαριλάου · Θεσσαλονίκη Δήμος,rent,,300.0,45.0,1,Ισόγειο,,"Χαριλάου, Θεσσαλονίκη Δήμος",40.6023563,22.9659855,https://www.remax.gr/assets/media/properties/medium/374878_p1j7paf0mq1n4ehn5nas981lai5.jpg?v=12611312,,,,,2026-09-28T19:40:58Z,374878
remax.gr,REMAX Gold,https://www.remax.gr/property/376411-polisi-katastima-3hrokrhnh,Κατάστημα · Ξηροκρήνη · Θεσσαλονίκη Δήμος,sale,,28000.0,120.0,3,Ημιυπόγειο,,"Ξηροκρήνη, Θεσσαλονίκη Δήμος",40.6433635,22.9339563,https://www.remax.gr/assets/media/properties/medium/376411_p1j97jqebc9ppl0b4u7e69166u4.jpg?v=12722823,,,,,2026-09-28T19:40:58Z,376411
remax.gr,REMAX Best,https://www.remax.gr/property/377928-polisi-diamerisma-ippokrateio,Διαμέρισμα · Ιπποκράτειο · Θεσσαλονίκη Δήμος,sale,,49000.0,45.0,1,Ισόγειο,,"Ιπποκράτειο, Θεσσαλονίκη Δήμος",40.6103411,22.9565662,https://www.remax.gr/assets/media/properties/medium/377928_11_16306815.jpeg?v=12831787,,,,,2026-09-28T19:40:58Z,377928
remax.gr,REMAX Gold,https://www.remax.gr/property/379300-enoikiasi-agrotemachio-nea-magnhsia,"Αγροτεμάχιο · Νέα Μαγνησία · Εχέδωρος, Θεσσαλονίκη Περιφερειακοί Δήμοι",rent,,1000.0,7754.0,,,,"Νέα Μαγνησία, Εχέδωρος, Θεσσαλονίκη Περιφερειακοί Δήμοι",40.69828439559833,22.830164530566414,https://www.remax.gr/assets/media/properties/medium/379300_p1jbfja12c1j7d4nm1ojd92tph24.jpg?v=12926200,,,,,2026-09-28T19:40:58Z,379300
remax.gr,REMAX Gold,https://www.remax.gr/property/379984-polisi-apothiki-eleytherio-kordelio,Αποθήκη · Ελευθέριο-Κορδελιό · Θεσσαλονίκη Περιφερειακοί Δήμοι,sale,,22500.0,98.0,1,Υπόγειο,,"Ελευθέριο-Κορδελιό, Θεσσαλονίκη Περιφερειακοί Δήμοι",40.6675252,22.8969778,https://www.remax.gr/assets/media/properties/medium/379984_p1jbvcmnou114c7911can1lhv6p44.jpg?v=12971874,,,,,2026-09-28T19:40:58Z,379984
remax.gr,REMAX Gold,https://www.remax.gr/property/381062-enoikiasi-grafeio-ladadika,Γραφείο · Λαδάδικα · Θεσσαλονίκη Δήμος,rent,,300.0,22.0,,6ος,,"Λαδάδικα, Θεσσαλονίκη Δήμος",40.6353503,22.9405516,https://www.remax.gr/assets/media/properties/medium/381062_p1jcr7ln051eu797o1ssmrh74us4.jpg?v=13055907,,,,,2026-09-28T19:40:58Z,381062
remax.gr,REMAX Gold,https://www.remax.gr/property/381278-polisi-gkarsoniera-studio-kallithea,"Γκαρσονιέρα/Studio · Καλλιθέα · Συκιές, Θεσσαλονίκη Περιφερειακοί Δήμοι",sale,,57000.0,64.0,1,Ημιυπόγειο,,"Καλλιθέα, Συκιές, Θεσσαλονίκη Περιφερειακοί Δήμοι",40.647828,22.9504965,https://www.remax.gr/assets/media/properties/medium/381278_p1jd37kov7g4s701l8vka414ig4.jpg?v=13071643,,,,,2026-09-28T19:40:58Z,381278
remax.gr,REMAX Welcome,https://www.remax.gr/property/381829-enoikiasi-grafeio-antigonidwn,"Γραφείο · Αντιγονιδών · Κέντρο (Θεσσαλονίκη), Θεσσαλονίκη Δήμος",rent,,200.0,10.0,,Ισόγειο,,"Αντιγονιδών, Κέντρο (Θεσσαλονίκη), Θεσσαλονίκη Δήμος",40.6396854,22.9415598,https://www.remax.gr/assets/media/properties/medium/381829_119_41724811.jpeg?v=13110831,,,,,2026-09-28T19:40:58Z,381829
remax.gr,REMAX Analogia,https://www.remax.gr/property/382606-polisi-diamerisma-diabata,"Διαμέρισμα · Διαβατά · Εχέδωρος, Θεσσαλονίκη Περιφερειακοί Δήμοι",sale,,58000.0,120.0,3,Ισόγειο,,"Διαβατά, Εχέδωρος, Θεσσαλονίκη Περιφερειακοί Δήμοι",40.688555042397,22.847879262053,https://www.remax.gr/assets/media/properties/medium/382606_99_33189570.jpeg?v=13177500,,,,,2026-09-28T19:40:58Z,382606
remax.gr,REMAX Urban,https://www.remax.gr/property/382793-polisi-katastima-kentro,"Κατάστημα · Κέντρο · Συκιές, Θεσσαλονίκη Περιφερειακοί Δήμοι",sale,,29500.0,15.0,3,Ισόγειο,,"Κέντρο, Συκιές, Θεσσαλονίκη Περιφερειακοί Δήμοι",40.646925559964,22.949731349945,https://www.remax.gr/assets/media/properties/medium/382793_4e98c4f9391a4eaebd08b5874e4978e0.jpeg?v=14101305,,,,,2026-09-28T19:40:58Z,382793
remax.gr,REMAX Gold,https://www.remax.gr/property/383100-polisi-biomichaniko-biotechniko-neapolh,Βιομηχανικό/Βιοτεχνικό · Νεάπολη · Θεσσαλονίκη Περιφερειακοί Δήμοι,sale,,29000.0,100.0,2,Ημιυπόγειο,,"Νεάπολη, Θεσσαλονίκη Περιφερειακοί Δήμοι",40.6537176,22.9370206,https://www.remax.gr/assets/media/properties/medium/383100_p1jfg92f9cdvu1kigdcd71i1jgh4.jpg?v=13220582,,,,,2026-09-28T19:40:58Z,383100
remax.gr,REMAX Gold,https://www.remax.gr/property/383779-polisi-apothiki-agios-dhmhtrios,"Αποθήκη · Άγιος Δημήτριος · Κέντρο (Θεσσαλονίκη), Θεσσαλονίκη Δήμος",sale,,15000.0,88.0,10,Υπόγειο,,"Άγιος Δημήτριος, Κέντρο (Θεσσαλονίκη), Θεσσαλονίκη Δήμος",40.6376266,22.9453289,https://www.remax.gr/assets/media/properties/medium/383779_p1jg27h0cm1h9k1v5vnkv1rojucv4.jpg?v=13277475,,,,,2026-09-28T19:40:58Z,383779
remax.gr,REMAX Gold,https://www.remax.gr/property/383784-polisi-apothiki-dioikhthrio,"Αποθήκη · Διοικητήριο · Κέντρο (Θεσσαλονίκη), Θεσσαλονίκη Δήμος",sale,,31000.0,200.0,1,Υπόγειο,,"Διοικητήριο, Κέντρο (Θεσσαλονίκη), Θεσσαλονίκη Δήμος",40.6376266,22.9453289,https://www.remax.gr/assets/media/properties/medium/383784_p1jg298rfb1upm1mbe83krsmb0b4.jpg?v=13278511,,,,,2026-09-28T19:40:58Z,383784
remax.gr,REMAX Gold,https://www.remax.gr/property/383823-enoikiasi-gkarsoniera-studio-panagia-fanerwmenh,Γκαρσονιέρα/Studio · Παναγία Φανερωμένη · Θεσσαλονίκη Δήμος,rent,,350.0,28.0,,Ισόγειο,,"Παναγία Φανερωμένη, Θεσσαλονίκη Δήμος",40.6430365,22.9401863,https://www.remax.gr/assets/media/properties/medium/383823_p1jg2pesqmirn1qjf1lsj1t98uvo4.jpg?v=13281277,,,,,2026-09-28T19:40:58Z,383823
remax.gr,REMAX Gold 2,https://www.remax.gr/property/383846-polisi-diamerisma-eleytherio-kordelio,Διαμέρισμα · Ελευθέριο-Κορδελιό · Θεσσαλονίκη Περιφερειακοί Δήμοι,sale,,54000.0,78.0,2,1ος,,"Ελευθέριο-Κορδελιό, Θεσσαλονίκη Περιφερειακοί Δήμοι",40.67175675456289,22.88959636079102,https://www.remax.gr/assets/media/properties/medium/383846_p1jg4j0t1rvos1or91hi5130tbqb4.jpg?v=13285300,,,,,2026-09-28T19:40:58Z,383846
remax.gr,REMAX Gold 2,https://www.remax.gr/property/384337-enoikiasi-agrotemachio-wraiokastro,Αγροτεμάχιο · Ωραιόκαστρο · Θεσσαλονίκη Περιφερειακοί Δήμοι,rent,,700.0,5250.0,,,,"Ωραιόκαστρο, Θεσσαλονίκη Περιφερειακοί Δήμοι",40.729129154316084,22.919432308398427,https://www.remax.gr/assets/media/properties/medium/384337_p1jgf4v5ahvil8t84i9u7r12554.jpg?v=13321842,,,,,2026-09-28T19:40:58Z,384337
remax.gr,REMAX Gold,https://www.remax.gr/property/384563-polisi-apothiki-ippokrateio,Αποθήκη · Ιπποκράτειο · Θεσσαλονίκη Δήμος,sale,,30000.0,25.0,3,Υπόγειο,,"Ιπποκράτειο, Θεσσαλονίκη Δήμος",40.6074317,22.9598784,https://www.remax.gr/assets/media/properties/medium/384563_p1jgjvsctgstv13sd13o212ut1s5i4.jpg?v=13338406,,,,,2026-09-28T19:40:58Z,384563
remax.gr,REMAX Gold,https://www.remax.gr/property/384834-enoikiasi-gkarsoniera-studio-analhpsh,Γκαρσονιέρα/Studio · Ανάληψη · Θεσσαλονίκη Δήμος,rent,,450.0,66.0,1,Ημιόροφος,,"Ανάληψη, Θεσσαλονίκη Δήμος",40.60732553695928,22.959961543408223,https://www.remax.gr/assets/media/properties/medium/384834_p1jgpd964flo5umi1vu51odu3kd4.jpg?v=13362169,,,,,2026-09-28T19:40:58Z,384834
remax.gr,REMAX Analogia,https://www.remax.gr/property/385023-enoikiasi-grafeio-kentro,"Γραφείο · Κέντρο · Κέντρο (Θεσσαλονίκη), Θεσσαλονίκη Δήμος",rent,,300.0,25.0,1,3ος,,"Κέντρο, Κέντρο (Θεσσαλονίκη), Θεσσαλονίκη Δήμος",40.633762106086,22.940339913138,https://www.remax.gr/assets/media/properties/medium/385023_94_34247296.jpeg?v=13812556,,,,,2026-09-28T19:40:58Z,385023
remax.gr,REMAX Analogia,https://www.remax.gr/property/385562-polisi-gkarsoniera-studio-dioikhthrio,Γκαρσονιέρα/Studio · Διοικητήριο · Θεσσαλονίκη Δήμος,sale,,62000.0,33.0,,Ισόγειο,,"Διοικητήριο, Θεσσαλονίκη Δήμος",40.643054174877,22.944130310168,https://www.remax.gr/assets/media/properties/medium/385562_105_34525937.jpeg?v=13420000,,,,,2026-09-28T19:40:58Z,385562
remax.gr,REMAX Gold 2,https://www.remax.gr/property/386614-polisi-gkarsoniera-studio-neapolh,Γκαρσονιέρα/Studio · Νεάπολη · Θεσσαλονίκη Περιφερειακοί Δήμοι,sale,,58000.0,58.0,1,Ημιυπόγειο,,"Νεάπολη, Θεσσαλονίκη Περιφερειακοί Δήμοι",40.6537176,22.9370206,https://www.remax.gr/assets/media/properties/medium/386614_p1ji7rfutn144b16u8itu106cckk4.jpg?v=13484824,,,,,2026-09-28T19:40:58Z,386614
remax.gr,REMAX Gold,https://www.remax.gr/property/386784-polisi-agrotemachio-nea-magnhsia,"Αγροτεμάχιο · Νέα Μαγνησία · Εχέδωρος, Θεσσαλονίκη Περιφερειακοί Δήμοι",sale,,8000.0,203.0,,,,"Νέα Μαγνησία, Εχέδωρος, Θεσσαλονίκη Περιφερειακοί Δήμοι",40.684097,22.8463007,https://www.remax.gr/assets/media/properties/medium/386784_p1jiaoq7rq1i5tb1f38g9dg2ov4.jpg?v=13496913,,,,,2026-09-28T19:40:58Z,386784
remax.gr,REMAX Gold,https://www.remax.gr/property/387628-polisi-apothiki-3hrokrhnh,Αποθήκη · Ξηροκρήνη · Θεσσαλονίκη Δήμος,sale,,30000.0,120.0,1,Ημιυπόγειο,,"Ξηροκρήνη, Θεσσαλονίκη Δήμος",40.64815012509206,22.927476083020007,https://www.remax.gr/assets/media/properties/medium/387628_p1jj1e94k11sb81cc91pn017d1a54.jpg?v=13574110,,,,,2026-09-28T19:40:58Z,387628
remax.gr,REMAX Best,https://www.remax.gr/property/387967-enoikiasi-agrotemachio-filyro,"Αγροτεμάχιο · Φίλυρο · Χορτιάτης, Θεσσαλονίκη Περιφερειακοί Δήμοι",rent,,550.0,2750.0,,,,"Φίλυρο, Χορτιάτης, Θεσσαλονίκη Περιφερειακοί Δήμοι",40.677082892094,23.013015413363,https://www.remax.gr/assets/media/properties/medium/387967_8_1697755.jpeg?v=13601942,,,,,2026-09-28T19:40:58Z,387967
remax.gr,REMAX Gold,https://www.remax.gr/property/388112-polisi-epicheirisi-eyosmos,Επιχείρηση · Εύοσμος · Θεσσαλονίκη Περιφερειακοί Δήμοι,sale,,14500.0,70.0,2,Ισόγειο,,"Εύοσμος, Θεσσαλονίκη Περιφερειακοί Δήμοι",40.66937928060177,22.91435418098146,https://www.remax.gr/assets/media/properties/medium/388112_p1jjec2ju17rc6qnlb6a29hf74.jpg?v=13614972,,,,,2026-09-28T19:40:58Z,388112
remax.gr,REMAX Today,https://www.remax.gr/property/389745-enoikiasi-gkarsoniera-studio-kentro,"Γκαρσονιέρα/Studio · Κέντρο · Κέντρο (Θεσσαλονίκη), Θεσσαλονίκη Δήμος",rent,,380.0,26.0,,3ος,,"Κέντρο, Κέντρο (Θεσσαλονίκη), Θεσσαλονίκη Δήμος",40.637731656888,22.949092307484,https://www.remax.gr/assets/media/properties/medium/389745_214306315.jpeg?v=13739700,,,,,2026-09-28T19:40:58Z,389745
remax.gr,REMAX Gold,https://www.remax.gr/property/390125-polisi-apothiki-neapolh,Αποθήκη · Νεάπολη · Θεσσαλονίκη Περιφερειακοί Δήμοι,sale,,28000.0,70.0,1,Υπόγειο,,"Νεάπολη, Θεσσαλονίκη Περιφερειακοί Δήμοι",40.65064652280675,22.94005267403566,https://www.remax.gr/assets/media/properties/medium/390125_p1jl1uhq9v4ns1idb1c6k1he3eoi4.jpg?v=13768483,,,,,2026-09-28T19:40:58Z,390125
remax.gr,REMAX Gold,https://www.remax.gr/property/390132-enoikiasi-agrotemachio-anwthen-perifereiakoy,"Αγροτεμάχιο · Άνωθεν Περιφερειακού · Εύοσμος, Θεσσαλονίκη Περιφερειακοί Δήμοι",rent,,800.0,8500.0,,,,"Άνωθεν Περιφερειακού, Εύοσμος, Θεσσαλονίκη Περιφερειακοί Δήμοι",40.679046092421586,22.905256128002943,https://www.remax.gr/assets/media/properties/medium/390132_p1jl21qs7k1dnvjl5pudsb01j1i4.jpg?v=13768878,,,,,2026-09-28T19:40:58Z,390132
remax.gr,REMAX Inspire House,https://www.remax.gr/property/390194-enoikiasi-grafeio-zwodoxoy-phghs,"Γραφείο · Ζωοδόχου Πηγής · Αμπελόκηποι, Θεσσαλονίκη Περιφερειακοί Δήμοι",rent,,300.0,32.0,2,2ος,,"Ζωοδόχου Πηγής, Αμπελόκηποι, Θεσσαλονίκη Περιφερειακοί Δήμοι",40.653717834442,22.922029438934,https://www.remax.gr/assets/media/properties/medium/390194_3_3577593.jpeg?v=13774697,,,,,2026-09-28T19:40:58Z,390194
remax.gr,REMAX Analogia,https://www.remax.gr/property/391023-enoikiasi-grafeio-kentro,"Γραφείο · Κέντρο · Κέντρο (Θεσσαλονίκη), Θεσσαλονίκη Δήμος",rent,,250.0,21.0,1,2ος,,"Κέντρο, Κέντρο (Θεσσαλονίκη), Θεσσαλονίκη Δήμος",40.632766967604,22.941467537322,https://www.remax.gr/assets/media/properties/medium/391023_91_36906936.jpeg?v=13835184,,,,,2026-09-28T19:40:58Z,391023
remax.gr,REMAX Analogia,https://www.remax.gr/property/391031-polisi-diamerisma-kentro,"Διαμέρισμα · Κέντρο · Συκιές, Θεσσαλονίκη Περιφερειακοί Δήμοι",sale,,49000.0,60.0,1,Ημιυπόγειο,,"Κέντρο, Συκιές, Θεσσαλονίκη Περιφερειακοί Δήμοι",40.648785086068,22.940886147922,https://www.remax.gr/assets/media/properties/medium/391031_91_36919001.jpeg?v=13835283,,,,,2026-09-28T19:40:58Z,391031
remax.gr,REMAX Gold 2,https://www.remax.gr/property/391504-enoikiasi-katastima-analhpsh,Κατάστημα · Ανάληψη · Θεσσαλονίκη Δήμος,rent,,300.0,35.0,2,Ισόγειο,,"Ανάληψη, Θεσσαλονίκη Δήμος",40.60957634448941,22.95774623757325,https://www.remax.gr/assets/media/properties/medium/391504_p1jmle8frvm0dpfl8r41t9bfm94.jpg?v=13878990,,,,,2026-09-28T19:40:58Z,391504
remax.gr,REMAX Gold 2,https://www.remax.gr/property/392260-polisi-grafeio-palaios-sidhrodromikos-stathmos,Γραφείο · Παλαιός Σιδηροδρομικός Σταθμός · Θεσσαλονίκη Δήμος,sale,,5000.0,650.0,1,4ος,,"Παλαιός Σιδηροδρομικός Σταθμός, Θεσσαλονίκη Δήμος",,,https://www.remax.gr/assets/media/properties/medium/392260_p1jn762cr3ibi13cfpmp106m10st4.jpg?v=13944649,,,,,2026-09-28T19:40:58Z,392260
remax.gr,REMAX Gold,https://www.remax.gr/property/392307-polisi-oikopedo-gia-katoikia-diabata,"Οικόπεδο για κατοικία · Διαβατά · Εχέδωρος, Θεσσαλονίκη Περιφερειακοί Δήμοι",sale,,15000.0,143.0,,,,"Διαβατά, Εχέδωρος, Θεσσαλονίκη Περιφερειακοί Δήμοι",40.69398944787257,22.859861948779304,https://www.remax.gr/assets/media/properties/medium/392307_p1jn7i7m1d1m9rp7j1ijqsmhm1k4.jpg?v=13946640,,,,,2026-09-28T19:40:58Z,392307
remax.gr,REMAX Gold,https://www.remax.gr/property/392870-enoikiasi-katastima-ampelokhpoi,Κατάστημα · Αμπελόκηποι · Θεσσαλονίκη Περιφερειακοί Δήμοι,rent,,300.0,32.0,1,Ισόγειο,,"Αμπελόκηποι, Θεσσαλονίκη Περιφερειακοί Δήμοι",40.65130197900269,22.922421514233402,https://www.remax.gr/assets/media/properties/medium/392870_p1jnpcera0f5mc7seq418hh7t74.jpg?v=13963379,,,,,2026-09-28T19:40:58Z,392870
remax.gr,REMAX Today,https://www.remax.gr/property/393471-polisi-diamerisma-foinikas,"Διαμέρισμα · Φοίνικας · Καλαμαριά, Θεσσαλονίκη Περιφερειακοί Δήμοι",sale,,39000.0,40.0,1,3ος,,"Φοίνικας, Καλαμαριά, Θεσσαλονίκη Περιφερειακοί Δήμοι",40.570655476987,22.974998833679,https://www.remax.gr/assets/media/properties/medium/393471_215325229.jpeg?v=13988025,,,,,2026-09-28T19:40:58Z,393471
remax.gr,REMAX Welcome,https://www.remax.gr/property/394022-enoikiasi-gkarsoniera-studio-doksa,Γκαρσονιέρα/Studio · Δόξα · Θεσσαλονίκη Δήμος,rent,,300.0,25.0,1,Υπόγειο,,"Δόξα, Θεσσαλονίκη Δήμος",40.623464419562,22.963721527466,https://www.remax.gr/assets/media/properties/medium/394022_82_44457566.jpeg?v=14026857,,,,,2026-09-28T19:40:58Z,394022
remax.gr,REMAX Gold,https://www.remax.gr/property/394488-enoikiasi-katastima-stayroypolh,Κατάστημα · Σταυρούπολη · Θεσσαλονίκη Περιφερειακοί Δήμοι,rent,,200.0,12.0,,Ισόγειο,,"Σταυρούπολη, Θεσσαλονίκη Περιφερειακοί Δήμοι",40.68356039585213,22.931967272460952,https://www.remax.gr/assets/media/properties/medium/394488_p1jovpp7v117oj5ps4n71oiv1ogd4.jpg?v=14040206,,,,,2026-09-28T19:40:58Z,394488
remax.gr,REMAX Urban,https://www.remax.gr/property/395834-polisi-monokatoikia-panorama,Μονοκατοικία · Πανόραμα · Θεσσαλονίκη Περιφερειακοί Δήμοι,sale,,1000.0,253.0,5,Ισόγειο,,"Πανόραμα, Θεσσαλονίκη Περιφερειακοί Δήμοι",40.571185566647,23.007976058288,https://www.remax.gr/assets/media/properties/medium/395834_8f24683bd21e4650b41f7f5f63730e0c.jpeg?v=14113086,,,,,2026-09-28T19:40:58Z,395834
remax.gr,REMAX Gold,https://www.remax.gr/property/396469-polisi-agrotemachio-sindos,"Αγροτεμάχιο · Σίνδος · Εχέδωρος, Θεσσαλονίκη Περιφερειακοί Δήμοι",sale,,17000.0,5187.0,,,,"Σίνδος, Εχέδωρος, Θεσσαλονίκη Περιφερειακοί Δήμοι",40.66042119999999,22.7748002,https://www.remax.gr/assets/media/properties/medium/396469_p1jqljmc2hf3n1g1s6a1qgu13k74.jpg?v=14131671,,,,,2026-09-28T19:40:58Z,396469
remax.gr,REMAX Gold,https://www.remax.gr/property/397601-enoikiasi-gkarsoniera-studio-agios-paylos,Γκαρσονιέρα/Studio · Άγιος Παύλος · Θεσσαλονίκη Περιφερειακοί Δήμοι,rent,,400.0,30.0,,Ημιόροφος,,"Άγιος Παύλος, Θεσσαλονίκη Περιφερειακοί Δήμοι",40.63354855286488,22.962267592837517,https://www.remax.gr/assets/media/properties/medium/397601_p1jrd4usevnvfmkj7cj1mvsbab4.jpg?v=14183345,,,,,2026-09-28T19:40:58Z,397601
remax.gr,REMAX Analogia,https://www.remax.gr/property/397636-polisi-apothiki-khfisia,"Αποθήκη · Κηφισιά · Καλαμαριά, Θεσσαλονίκη Περιφερειακοί Δήμοι",sale,,19500.0,110.0,1,Υπόγειο,,"Κηφισιά, Καλαμαριά, Θεσσαλονίκη Περιφερειακοί Δήμοι",40.593425408899,22.962176578131,https://www.remax.gr/assets/media/properties/medium/397636_94_28915960.jpeg?v=14184057,,,,,2026-09-28T19:40:58Z,397636
remax.gr,REMAX Axis,https://www.remax.gr/property/398293-enoikiasi-grafeio-istoriko-kentro,"Γραφείο · Ιστορικό Κέντρο · Κέντρο (Θεσσαλονίκη), Θεσσαλονίκη Δήμος",rent,,200.0,20.0,,1ος,,"Ιστορικό Κέντρο, Κέντρο (Θεσσαλονίκη), Θεσσαλονίκη Δήμος",40.637574615854,22.937616352781,https://www.remax.gr/assets/media/properties/medium/398293_1_2716201.jpeg?v=14209717,,,,,2026-09-28T19:40:58Z,398293
remax.gr,REMAX Analogia,https://www.remax.gr/property/398586-enoikiasi-gkarsoniera-studio-nea-paralia,Γκαρσονιέρα/Studio · Νέα Παραλία · Θεσσαλονίκη Δήμος,rent,,420.0,40.0,1,Ισόγειο,,"Νέα Παραλία, Θεσσαλονίκη Δήμος",40.601522935622,22.95363121019,https://www.remax.gr/assets/media/properties/medium/398586_86_39869066.jpeg?v=14306144,,,,,2026-09-28T19:40:58Z,398586
remax.gr,REMAX Analogia,https://www.remax.gr/property/398958-enoikiasi-diamerisma-bardarhs,Διαμέρισμα · Βαρδάρης · Θεσσαλονίκη Δήμος,rent,,400.0,43.0,1,4ος,,"Βαρδάρης, Θεσσαλονίκη Δήμος",40.644731168603,22.927243809304,https://www.remax.gr/assets/media/properties/medium/398958_106_40424094.jpeg?v=14220589,,,,,2026-09-28T19:40:58Z,398958
remax.gr,REMAX Excellence,https://www.remax.gr/property/399191-enoikiasi-gkarsoniera-studio-ypoloipo-kentroy-8essalonikhs,Γκαρσονιέρα/Studio · Υπόλοιπο κέντρου Θεσσαλονίκης · Θεσσαλονίκη Δήμος,rent,,350.0,18.0,1,7ος,,"Υπόλοιπο κέντρου Θεσσαλονίκης, Θεσσαλονίκη Δήμος",40.637715193013,22.951823559666,https://www.remax.gr/assets/media/properties/medium/399191_78c98bd9c34047ddbec7e3bfdfa250b3.jpeg?v=14224123,,,,,2026-09-28T19:40:58Z,399191
remax.gr,REMAX Best,https://www.remax.gr/property/400037-polisi-diamerisma-stathmos-ose,Διαμέρισμα · Σταθμός ΟΣΕ · Θεσσαλονίκη Δήμος,sale,,42000.0,30.0,1,Ημιόροφος,,"Σταθμός ΟΣΕ, Θεσσαλονίκη Δήμος",40.6422732,22.9292265,https://www.remax.gr/assets/media/properties/medium/400037_11_17768664.jpeg?v=14236715,,,,,2026-09-28T19:40:58Z,400037
remax.gr,REMAX Inspire House,https://www.remax.gr/property/400063-enoikiasi-gkarsoniera-studio-mpotsarh,Γκαρσονιέρα/Studio · Μπότσαρη · Θεσσαλονίκη Δήμος,rent,,450.0,25.0,1,Ισόγειο,,"Μπότσαρη, Θεσσαλονίκη Δήμος",40.604881,22.9572382,https://www.remax.gr/assets/media/properties/medium/400063_3_4471382.jpeg?v=14237254,,,,,2026-09-28T19:40:58Z,400063
remax.gr,REMAX Inspire House,https://www.remax.gr/property/400065-enoikiasi-gkarsoniera-studio-mpotsarh,Γκαρσονιέρα/Studio · Μπότσαρη · Θεσσαλονίκη Δήμος,rent,,450.0,25.0,1,Ισόγειο,,"Μπότσαρη, Θεσσαλονίκη Δήμος",40.604881,22.9572382,https://www.remax.gr/assets/media/properties/medium/400065_3_4485296.jpeg?v=14237273,,,,,2026-09-28T19:40:58Z,400065
remax.gr,REMAX Urban,https://www.remax.gr/property/400153-polisi-oikopedo-gia-katoikia-synoikismos-nomoy-751,"Οικόπεδο για κατοικία · Συνοικισμός Νόμου 751 · Πανόραμα, Θεσσαλονίκη Περιφερειακοί Δήμοι",sale,,1000.0,1115.0,,,,"Συνοικισμός Νόμου 751, Πανόραμα, Θεσσαλονίκη Περιφερειακοί Δήμοι",40.579910375427,23.013940215897,https://www.remax.gr/assets/media/properties/medium/400153_3de937b9d88f45969ec0fa7bb902be15.jpeg?v=14238851,,,,,2026-09-28T19:40:58Z,400153
remax.gr,REMAX Gold,https://www.remax.gr/property/400337-enoikiasi-gkarsoniera-studio-agios-giwrgios-trwada,"Γκαρσονιέρα/Studio · Άγιος Γιώργιος-Τρώαδα · Νεάπολη, Θεσσαλονίκη Περιφερειακοί Δήμοι",rent,,450.0,60.0,1,1ος,,"Άγιος Γιώργιος-Τρώαδα, Νεάπολη, Θεσσαλονίκη Περιφερειακοί Δήμοι",40.6518675,22.9451596,https://www.remax.gr/assets/media/properties/medium/400337_p1jtd9g9uaasgie214ol1f6q3cg4.jpg?v=14241702,,,,,2026-09-28T19:40:58Z,400337
remax.gr,REMAX Analogia,https://www.remax.gr/property/400755-enoikiasi-diamerisma-triandria,Διαμέρισμα · Τριανδρία · Θεσσαλονίκη Δήμος,rent,,370.0,52.0,1,Ημιόροφος,,"Τριανδρία, Θεσσαλονίκη Δήμος",40.623867960824,22.973868480999,https://www.remax.gr/assets/media/properties/medium/400755_106_40951352.jpeg?v=14248520,,,,,2026-09-28T19:40:58Z,400755
remax.gr,REMAX Gold,https://www.remax.gr/property/400937-enoikiasi-katastima-katw-hlioypolh,"Κατάστημα · Κάτω Ηλιούπολη · Σταυρούπολη, Θεσσαλονίκη Περιφερειακοί Δήμοι",rent,,150.0,50.0,1,Ισόγειο,,"Κάτω Ηλιούπολη, Σταυρούπολη, Θεσσαλονίκη Περιφερειακοί Δήμοι",40.6709768,22.9276937,https://www.remax.gr/assets/media/properties/medium/400937_p1jtnlgl5a13d6kseep6k5lfvu4.jpg?v=14251292,,,,,2026-09-28T19:40:58Z,400937
remax.gr,REMAX Analogia,https://www.remax.gr/property/401029-enoikiasi-grafeio-kentro,"Γραφείο · Κέντρο · Κέντρο (Θεσσαλονίκη), Θεσσαλονίκη Δήμος",rent,,260.0,22.0,1,4ος,,"Κέντρο, Κέντρο (Θεσσαλονίκη), Θεσσαλονίκη Δήμος",40.6362693,22.9410098,https://www.remax.gr/assets/media/properties/medium/401029_86_41418716.jpeg?v=14252612,,,,,2026-09-28T19:40:58Z,401029
remax.gr,REMAX Today,https://www.remax.gr/property/401788-polisi-gkarsoniera-studio-mpotsarh,Γκαρσονιέρα/Studio · Μπότσαρη · Θεσσαλονίκη Δήμος,sale,,59000.0,24.0,1,6ος,,"Μπότσαρη, Θεσσαλονίκη Δήμος",40.609749800204,22.961704924983,https://www.remax.gr/assets/media/properties/medium/401788_217565873.jpeg?v=14265681,,,,,2026-09-28T19:40:58Z,401788
remax.gr,REMAX Analogia,https://www.remax.gr/property/401794-enoikiasi-agrotemachio-perioxh-aerodromioy,"Αγροτεμάχιο · Περιοχή Αεροδρομίου · Θέρμη, Θεσσαλονίκη Περιφερειακοί Δήμοι",rent,,1200.0,2106.0,,,,"Περιοχή Αεροδρομίου, Θέρμη, Θεσσαλονίκη Περιφερειακοί Δήμοι",40.543719050018,22.985683691688,https://www.remax.gr/assets/media/properties/medium/401794_106_41688522.jpeg?v=14265790,,,,,2026-09-28T19:40:58Z,401794
remax.gr,REMAX Gold,https://www.remax.gr/property/402258-polisi-diamerisma-eyosmos,Διαμέρισμα · Εύοσμος · Θεσσαλονίκη Περιφερειακοί Δήμοι,sale,,59000.0,67.0,3,Ισόγειο,,"Εύοσμος, Θεσσαλονίκη Περιφερειακοί Δήμοι",40.66234799169774,22.90705857246095,https://www.remax.gr/assets/media/properties/medium/402258_p1jup50psk16nbtqtfa3c0p153d4.jpg?v=14273217,,,,,2026-09-28T19:40:58Z,402258
remax.gr,REMAX Best,https://www.remax.gr/property/402330-polisi-diamerisma-anw-polh,Διαμέρισμα · Άνω Πόλη · Θεσσαλονίκη Δήμος,sale,,47000.0,40.0,1,Υπόγειο,,"Άνω Πόλη, Θεσσαλονίκη Δήμος",40.6386379,22.9563962,https://www.remax.gr/assets/media/properties/medium/402330_6_17886979.jpeg?v=14274484,,,,,2026-09-28T19:40:58Z,402330
remax.gr,REMAX Metron 5,https://www.remax.gr/property/402357-enoikiasi-diamerisma-peraia,"Διαμέρισμα · Περαία · Θερμαϊκός, Θεσσαλονίκη Περιφερειακοί Δήμοι",rent,,400.0,32.0,1,1ος,,"Περαία, Θερμαϊκός, Θεσσαλονίκη Περιφερειακοί Δήμοι",40.506597651402,22.918793628407,https://www.remax.gr/assets/media/properties/medium/402357_44c4511f21e3464889a7894214cda255.jpeg?v=14275074,,,,,2026-09-28T19:40:58Z,402357
remax.gr,REMAX Metron 5,https://www.remax.gr/property/402361-enoikiasi-diamerisma-peraia,"Διαμέρισμα · Περαία · Θερμαϊκός, Θεσσαλονίκη Περιφερειακοί Δήμοι",rent,,320.0,28.0,1,1ος,,"Περαία, Θερμαϊκός, Θεσσαλονίκη Περιφερειακοί Δήμοι",40.506541979907,22.918803675767,https://www.remax.gr/assets/media/properties/medium/402361_7adb7baadb31478e92afd494f932a7b8.jpeg?v=14275147,,,,,2026-09-28T19:40:58Z,402361
remax.gr,REMAX Metron 5,https://www.remax.gr/property/402362-enoikiasi-diamerisma-peraia,"Διαμέρισμα · Περαία · Θερμαϊκός, Θεσσαλονίκη Περιφερειακοί Δήμοι",rent,,320.0,28.0,1,1ος,,"Περαία, Θερμαϊκός, Θεσσαλονίκη Περιφερειακοί Δήμοι",40.506641354936,22.918987138467,https://www.remax.gr/assets/media/properties/medium/402362_af13aa6e77bc4cfabaa5198927597b6a.png?v=14275174,,,,,2026-09-28T19:40:58Z,402362
remax.gr,REMAX Today,https://www.remax.gr/property/402604-enoikiasi-diamerisma-foinikas,"Διαμέρισμα · Φοίνικας · Καλαμαριά, Θεσσαλονίκη Περιφερειακοί Δήμοι",rent,,460.0,55.0,1,1ος,,"Φοίνικας, Καλαμαριά, Θεσσαλονίκη Περιφερειακοί Δήμοι",40.570922495063,22.973380456847,https://www.remax.gr/assets/media/properties/medium/402604_158371387.jpeg?v=14299097,,,,,2026-09-28T19:40:58Z,402604
remax.gr,REMAX Gold,https://www.remax.gr/property/403113-enoikiasi-grafeio-agios-iwannhs,"Γραφείο · Άγιος Ιωάννης · Πολίχνη, Θεσσαλονίκη Περιφερειακοί Δήμοι",rent,,250.0,25.0,1,Ισόγειο,,"Άγιος Ιωάννης, Πολίχνη, Θεσσαλονίκη Περιφερειακοί Δήμοι",,,https://www.remax.gr/assets/media/properties/medium/403113_p1jvnvosmi1igg1lci1qeo3jsbai4.jpg?v=14287364,,,,,2026-09-28T19:40:58Z,403113
remax.gr,REMAX Analogia,https://www.remax.gr/property/403533-enoikiasi-apothiki-kentro,"Αποθήκη · Κέντρο · Καλαμαριά, Θεσσαλονίκη Περιφερειακοί Δήμοι",rent,,180.0,16.0,1,Ημιυπόγειο,,"Κέντρο, Καλαμαριά, Θεσσαλονίκη Περιφερειακοί Δήμοι",40.58180692239,22.94878802691,https://www.remax.gr/assets/media/properties/medium/403533_103_42371025.jpeg?v=14340141,,,,,2026-09-28T19:40:58Z,403533
remax.gr,REMAX Gold,https://www.remax.gr/property/403863-polisi-gkarsoniera-studio-agios-paylos,Γκαρσονιέρα/Studio · Άγιος Παύλος · Θεσσαλονίκη Περιφερειακοί Δήμοι,sale,,54000.0,46.0,1,Ισόγειο,,"Άγιος Παύλος, Θεσσαλονίκη Περιφερειακοί Δήμοι",40.6382241,22.9607032,https://www.remax.gr/assets/media/properties/medium/403863_p1k0ujl3dg5nisqfv4t1t0n1voh4.jpg?v=14299947,,,,,2026-09-28T19:40:58Z,403863
remax.gr,REMAX Gold,https://www.remax.gr/property/404023-enoikiasi-gkarsoniera-studio-kentro-8essalonikh,Γκαρσονιέρα/Studio · Κέντρο (Θεσσαλονίκη) · Θεσσαλονίκη Δήμος,rent,,390.0,54.0,1,4ος,,"Κέντρο (Θεσσαλονίκη), Θεσσαλονίκη Δήμος",40.6409812,22.9464999,https://www.remax.gr/assets/media/properties/medium/404023_p1k13o5vbe1dgr18rn1ovj1dosk8q4.jpg?v=14302576,,,,,2026-09-28T19:40:58Z,404023
remax.gr,REMAX Gold,https://www.remax.gr/property/404378-polisi-monokatoikia-stayroypolh,Μονοκατοικία · Σταυρούπολη · Θεσσαλονίκη Περιφερειακοί Δήμοι,sale,,37000.0,70.0,2,Ισόγειο,,"Σταυρούπολη, Θεσσαλονίκη Περιφερειακοί Δήμοι",40.669283585838734,22.93402209682006,https://www.remax.gr/assets/media/properties/medium/404378_p1k1gn2chkkot9kudvm1bku14if4.jpg?v=14307775,,,,,2026-09-28T19:40:58Z,404378
remax.gr,REMAX Best,https://www.remax.gr/property/404463-enoikiasi-gkarsoniera-studio-neapolh,Γκαρσονιέρα/Studio · Νεάπολη · Θεσσαλονίκη Περιφερειακοί Δήμοι,rent,,280.0,25.0,,Ισόγειο,,"Νεάπολη, Θεσσαλονίκη Περιφερειακοί Δήμοι",40.6533025,22.9455343,https://www.remax.gr/assets/media/properties/medium/404463_6_18072818.jpeg?v=14309000,,,,,2026-09-28T19:40:58Z,404463
remax.gr,REMAX Gold,https://www.remax.gr/property/404705-enoikiasi-gkarsoniera-studio-eptalofos,"Γκαρσονιέρα/Studio · Επτάλοφος · Αμπελόκηποι, Θεσσαλονίκη Περιφερειακοί Δήμοι",rent,,470.0,65.0,1,Ημιόροφος,,"Επτάλοφος, Αμπελόκηποι, Θεσσαλονίκη Περιφερειακοί Δήμοι",40.65535711804779,22.92138488280335,https://www.remax.gr/assets/media/properties/medium/404705_p1k1mem993divlo78i81vsq1q4c4.jpg?v=14312039,,,,,2026-09-28T19:40:58Z,404705
remax.gr,REMAX Gold,https://www.remax.gr/property/404789-polisi-oikopedo-gia-katoikia-8essalonikh-dhmos,Οικόπεδο για κατοικία · Θεσσαλονίκη Δήμος · -,sale,,420000.0,234.0,,,,"Θεσσαλονίκη Δήμος, -",40.64141687023382,22.9568152322937,https://www.remax.gr/assets/media/properties/medium/404789_p1k1tqoojqein1l4k1kcn1oqa18hi4.jpg?v=14313518,,,,,2026-09-28T19:40:58Z,404789
remax.gr,REMAX Inspire House,https://www.remax.gr/property/404836-enoikiasi-loft-falhro,Loft · Φάληρο · Θεσσαλονίκη Δήμος,rent,,430.0,40.0,1,Ισόγειο,,"Φάληρο, Θεσσαλονίκη Δήμος",40.6114907,22.9623148,https://www.remax.gr/assets/media/properties/medium/404836_1_4619293.jpeg?v=14314258,,,,,2026-09-28T19:40:58Z,404836
remax.gr,REMAX Today,https://www.remax.gr/property/404935-polisi-diamerisma-agios-dhmhtrios,Διαμέρισμα · Άγιος Δημήτριος · Θεσσαλονίκη Δήμος,sale,,62900.0,21.0,,Ισόγειο,,"Άγιος Δημήτριος, Θεσσαλονίκη Δήμος",40.640157779458,22.945856608328,https://www.remax.gr/assets/media/properties/medium/404935_211102813.jpeg?v=14315728,,,,,2026-09-28T19:40:58Z,404935
remax.gr,REMAX Axis,https://www.remax.gr/property/404964-polisi-diamerisma-triandria,Διαμέρισμα · Τριανδρία · Θεσσαλονίκη Δήμος,sale,,1000.0,46.0,1,6ος,,"Τριανδρία, Θεσσαλονίκη Δήμος",40.631638644085,22.947867373114,https://www.remax.gr/assets/media/properties/medium/404964_8_3061367.jpeg?v=14315953,,,,,2026-09-28T19:40:58Z,404964
remax.gr,REMAX Axis,https://www.remax.gr/property/404965-polisi-mezoneta-triandria,Μεζονέτα · Τριανδρία · Θεσσαλονίκη Δήμος,sale,,1000.0,136.0,3,6ος,,"Τριανδρία, Θεσσαλονίκη Δήμος",40.62455560445,22.972455024719,https://www.remax.gr/assets/media/properties/medium/404965_8_3059717.jpeg?v=14315956,,,,,2026-09-28T19:40:58Z,404965
remax.gr,REMAX Axis,https://www.remax.gr/property/404967-polisi-diamerisma-triandria,Διαμέρισμα · Τριανδρία · Θεσσαλονίκη Δήμος,sale,,1000.0,46.0,1,5ος,,"Τριανδρία, Θεσσαλονίκη Δήμος",,,https://www.remax.gr/assets/media/properties/medium/404967_8_3027321.jpeg?v=14315973,,,,,2026-09-28T19:40:58Z,404967
remax.gr,REMAX Axis,https://www.remax.gr/property/404969-polisi-diamerisma-triandria,Διαμέρισμα · Τριανδρία · Θεσσαλονίκη Δήμος,sale,,1000.0,52.0,1,1ος,,"Τριανδρία, Θεσσαλονίκη Δήμος",40.6242527,22.9741587,https://www.remax.gr/assets/media/properties/medium/404969_8_3014952.jpeg?v=14315981,,,,,2026-09-28T19:40:58Z,404969
remax.gr,REMAX Axis,https://www.remax.gr/property/404971-polisi-mezoneta-anw-toympa,"Μεζονέτα · Άνω Τούμπα · Τούμπα, Θεσσαλονίκη Δήμος",sale,,1000.0,132.0,3,6ος,,"Άνω Τούμπα, Τούμπα, Θεσσαλονίκη Δήμος",40.6192109,22.9789984,https://www.remax.gr/assets/media/properties/medium/404971_8_3008957.jpeg?v=14315999,,,,,2026-09-28T19:40:58Z,404971
remax.gr,REMAX Axis,https://www.remax.gr/property/404972-polisi-diamerisma-anw-toympa,"Διαμέρισμα · Άνω Τούμπα · Τούμπα, Θεσσαλονίκη Δήμος",sale,,1000.0,50.0,1,1ος,,"Άνω Τούμπα, Τούμπα, Θεσσαλονίκη Δήμος",40.6192109,22.9789984,https://www.remax.gr/assets/media/properties/medium/404972_8_2996220.jpeg?v=14316003,,,,,2026-09-28T19:40:58Z,404972
remax.gr,REMAX Axis,https://www.remax.gr/property/404973-polisi-diamerisma-anw-toympa,"Διαμέρισμα · Άνω Τούμπα · Τούμπα, Θεσσαλονίκη Δήμος",sale,,1000.0,54.0,1,1ος,,"Άνω Τούμπα, Τούμπα, Θεσσαλονίκη Δήμος",40.6192109,22.9789984,https://www.remax.gr/assets/media/properties/medium/404973_8_2985036.jpeg?v=14316007,,,,,2026-09-28T19:40:58Z,404973
remax.gr,REMAX Axis,https://www.remax.gr/property/404974-polisi-mezoneta-katw-toympa,"Μεζονέτα · Κάτω Τούμπα · Τούμπα, Θεσσαλονίκη Δήμος",sale,,1000.0,165.0,3,7ος,,"Κάτω Τούμπα, Τούμπα, Θεσσαλονίκη Δήμος",40.606813225505,22.97146655148,https://www.remax.gr/assets/media/properties/medium/404974_8_2962305.jpeg?v=14316011,,,,,2026-09-28T19:40:58Z,404974
remax.gr,REMAX Analogia,https://www.remax.gr/property/405059-enoikiasi-apothiki-anw-toympa,"Αποθήκη · Άνω Τούμπα · Τούμπα, Θεσσαλονίκη Δήμος",rent,,250.0,150.0,,Ημιυπόγειο,,"Άνω Τούμπα, Τούμπα, Θεσσαλονίκη Δήμος",40.616976659037,22.980069075097,https://www.remax.gr/assets/media/properties/medium/405059_106_42879644.jpeg?v=14317405,,,,,2026-09-28T19:40:58Z,405059
remax.gr,REMAX Today,https://www.remax.gr/property/405085-enoikiasi-diamerisma-triandria,Διαμέρισμα · Τριανδρία · Θεσσαλονίκη Δήμος,rent,,430.0,50.0,1,Ημιόροφος,,"Τριανδρία, Θεσσαλονίκη Δήμος",40.624196797954,22.974871242518,https://www.remax.gr/assets/media/properties/medium/405085_218244530.jpeg?v=14317875,,,,,2026-09-28T19:40:58Z,405085
remax.gr,REMAX Welcome,https://www.remax.gr/property/405087-enoikiasi-gkarsoniera-studio-kentro,"Γκαρσονιέρα/Studio · Κέντρο · Καλαμαριά, Θεσσαλονίκη Περιφερειακοί Δήμοι",rent,,450.0,32.0,1,3ος,,"Κέντρο, Καλαμαριά, Θεσσαλονίκη Περιφερειακοί Δήμοι",40.586302106239,22.952187131433,https://www.remax.gr/assets/media/properties/medium/405087_115_47765366.jpeg?v=14317911,,,,,2026-09-28T19:40:58Z,405087
remax.gr,REMAX Invest,https://www.remax.gr/property/405164-enoikiasi-katastima-ippokrateio,Κατάστημα · Ιπποκράτειο · Θεσσαλονίκη Δήμος,rent,,280.0,24.0,,Ισόγειο,,"Ιπποκράτειο, Θεσσαλονίκη Δήμος",40.610577,22.9660356,https://www.remax.gr/assets/media/properties/medium/405164_48_81162759.jpeg?v=14319368,,,,,2026-09-28T19:40:58Z,405164
remax.gr,REMAX Invest,https://www.remax.gr/property/405168-enoikiasi-diamerisma-xarilaoy,Διαμέρισμα · Χαριλάου · Θεσσαλονίκη Δήμος,rent,,430.0,50.0,1,3ος,,"Χαριλάου, Θεσσαλονίκη Δήμος",40.604683474675,22.966833707461,https://www.remax.gr/assets/media/properties/medium/405168_75_81231283.jpeg?v=14319422,,,,,2026-09-28T19:40:58Z,405168
remax.gr,REMAX Invest,https://www.remax.gr/property/405169-enoikiasi-diamerisma-asbestoxwri,"Διαμέρισμα · Ασβεστοχώρι · Χορτιάτης, Θεσσαλονίκη Περιφερειακοί Δήμοι",rent,,400.0,60.0,1,Ισόγειο,,"Ασβεστοχώρι, Χορτιάτης, Θεσσαλονίκη Περιφερειακοί Δήμοι",40.643081,23.0255413,https://www.remax.gr/assets/media/properties/medium/405169_75_8124785.jpeg?v=14319431,,,,,2026-09-28T19:40:58Z,405169
remax.gr,REMAX Invest,https://www.remax.gr/property/405220-enoikiasi-gkarsoniera-studio-nea-politeia,"Γκαρσονιέρα/Studio · Νέα Πολιτεία · Εύοσμος, Θεσσαλονίκη Περιφερειακοί Δήμοι",rent,,450.0,50.0,1,Ημιόροφος,,"Νέα Πολιτεία, Εύοσμος, Θεσσαλονίκη Περιφερειακοί Δήμοι",40.675516420892,22.914486133237,https://www.remax.gr/assets/media/properties/medium/405220_28_61852402.jpeg?v=14320081,,,,,2026-09-28T19:40:58Z,405220
remax.gr,REMAX Invest,https://www.remax.gr/property/405236-polisi-oikopedo-gia-katoikia-3hrokrhnh,Οικόπεδο για κατοικία · Ξηροκρήνη · Θεσσαλονίκη Δήμος,sale,,145000.0,252.0,,,,"Ξηροκρήνη, Θεσσαλονίκη Δήμος",40.648136830963,22.927674963867,https://www.remax.gr/assets/media/properties/medium/405236_28_78741692.jpeg?v=14320346,,,,,2026-09-28T19:40:58Z,405236
remax.gr,REMAX Invest,https://www.remax.gr/property/405241-polisi-apothiki-anw-toympa,"Αποθήκη · Άνω Τούμπα · Τούμπα, Θεσσαλονίκη Δήμος",sale,,25000.0,114.0,,Υπόγειο,,"Άνω Τούμπα, Τούμπα, Θεσσαλονίκη Δήμος",40.6178049,22.9808797,https://www.remax.gr/assets/media/properties/medium/405241_48_78801078.jpeg?v=14320422,,,,,2026-09-28T19:40:58Z,405241
remax.gr,REMAX Invest,https://www.remax.gr/property/405251-enoikiasi-gkarsoniera-studio-rodoxwri,"Γκαρσονιέρα/Studio · Ροδοχώρι · Συκιές, Θεσσαλονίκη Περιφερειακοί Δήμοι",rent,,450.0,34.0,1,Ισόγειο,,"Ροδοχώρι, Συκιές, Θεσσαλονίκη Περιφερειακοί Δήμοι",40.6488692,22.9500155,https://www.remax.gr/assets/media/properties/medium/405251_11_79106495.jpeg?v=14320579,,,,,2026-09-28T19:40:58Z,405251
remax.gr,REMAX Best,https://www.remax.gr/property/405589-enoikiasi-diamerisma-neapolh,Διαμέρισμα · Νεάπολη · Θεσσαλονίκη Περιφερειακοί Δήμοι,rent,,430.0,70.0,2,1ος,,"Νεάπολη, Θεσσαλονίκη Περιφερειακοί Δήμοι",40.6504595,22.9440371,https://www.remax.gr/assets/media/properties/medium/405589_6_12793509.jpeg?v=14325872,,,,,2026-09-28T19:40:58Z,405589
remax.gr,REMAX Analogia,https://www.remax.gr/property/406166-enoikiasi-apothiki-aretsoy,"Αποθήκη · Αρετσού · Καλαμαριά, Θεσσαλονίκη Περιφερειακοί Δήμοι",rent,,150.0,29.0,1,Ημιυπόγειο,,"Αρετσού, Καλαμαριά, Θεσσαλονίκη Περιφερειακοί Δήμοι",40.577712721815,22.945942106796,https://www.remax.gr/assets/media/properties/medium/406166_86_43441378.jpeg?v=14335247,,,,,2026-09-28T19:40:58Z,406166
remax.gr,REMAX Best,https://www.remax.gr/property/406570-enoikiasi-diamerisma-kentro,"Διαμέρισμα · Κέντρο · Συκιές, Θεσσαλονίκη Περιφερειακοί Δήμοι",rent,,380.0,80.0,2,3ος,,"Κέντρο, Συκιές, Θεσσαλονίκη Περιφερειακοί Δήμοι",40.6510453,22.9499804,https://www.remax.gr/assets/media/properties/medium/406570_6_10594106.jpeg?v=14341958,,,,,2026-09-28T19:40:58Z,406570
remax.gr,REMAX Analogia,https://www.remax.gr/property/406752-polisi-agrotemachio-perioxh-aerodromioy,"Αγροτεμάχιο · Περιοχή Αεροδρομίου · Θέρμη, Θεσσαλονίκη Περιφερειακοί Δήμοι",sale,,15000.0,330.0,,,,"Περιοχή Αεροδρομίου, Θέρμη, Θεσσαλονίκη Περιφερειακοί Δήμοι",40.510507436647,23.005313043943,https://www.remax.gr/assets/media/properties/medium/406752_111_43864387.jpeg?v=14344810,,,,,2026-09-28T19:40:58Z,406752
