source_domain,agency,url,title,transaction,type,price_eur,area_m2,bedrooms,floor,year_built,location,lat,lon,image,date_published,date_updated,date_sitemap,date_source,scraped_at
t.me,Недвижимость в Греции (Astons),https://t.me/Astons_Greece/1966,"⚡️️️️⚡️️️️⚡️️️️ Стильные резиденции рядом с проектом The Ellinikon в Глифаде, Афины — эксклюзивно для клиентов Astons · Αθήνα",sale,studio,299000.0,62.0,1,,,Αθήνα,,,,2026-06-11,,,telegram post,2026-09-28T06:04:53Z
t.me,Недвижимость в Греции (Astons),https://t.me/Astons_Greece/1987,"Изысканные меблированные апартаменты с просторным балконом в Пирее, Греция · Αθήνα",sale,apartment,260000.0,67.0,1,6,,Αθήνα,,,,2026-06-20,,,telegram post,2026-09-28T06:04:49Z
t.me,Недвижимость в Греции (Astons),https://t.me/Astons_Greece/2010,Афинские апартаменты с террасами и мини-садами рядом с морем · Αθήνα,sale,apartment,250000.0,98.0,,,,Αθήνα,,,,2026-07-03,,,telegram post,2026-09-28T06:04:45Z
t.me,Недвижимость в Греции (Astons),https://t.me/Astons_Greece/2095,Полностью меблированные апартаменты рядом с парком в Пирее · Αθήνα,sale,apartment,250000.0,86.0,1,,,Αθήνα,,,,2026-07-30,,,telegram post,2026-09-28T06:04:30Z
t.me,Недвижимость в Греции (Astons),https://t.me/Astons_Greece/2200,"Один пентхаус — три «золотые визы». Но зачем, если ВНЖ и так можно оформить на семью? · Αθήνα",sale,studio,293000.0,56.0,1,,,Αθήνα,,,,2026-09-25,,,telegram post,2026-09-28T06:04:14Z
t.me,Жизнь и инвестиции в Греции (Tranio),https://t.me/GreeceTranio/754,✨ Порто-Рафти: растущий рынок у моря рядом с аэропортом — альтернатива Афинской Ривьере · Αθήνα,sale,apartment,800000.0,120.0,,,,Αθήνα,,,,2026-07-03,,,telegram post,2026-09-28T06:05:01Z
t.me,Жизнь и инвестиции в Греции (Tranio),https://t.me/GreeceTranio/771,"💵 18 миллионов рублей — это капитал для инвестиций в европейскую недвижимость · Αμπελόκηποι, Αθήνα",sale,apartment,180000.0,43.45,,,,"Αμπελόκηποι, Αθήνα",,,,2026-09-01,,,telegram post,2026-09-28T06:04:57Z
t.me,Греция недвижимость инвестиции ВНЖ,https://t.me/greece_estate/405,ИНВЕСТИЦИОННОЕ ПРЕДЛОЖЕНИЕ НА МАЙОРКЕ — дом с огромным потенциалом роста стоимости (район Port Adriano),sale,house,3000000.0,470.0,,,,,,,,2026-06-23,,,telegram post,2026-09-28T06:05:20Z
t.me,Греция отдых (краткосрочная аренда),https://t.me/greece_property/605,УСПЕТЬ НА МОРЕ В ГРЕЦИЮ В 2026! 🌊☀ · Κατερίνη,rent,apartment,1000.0,90.0,2,2,,Κατερίνη,,,,2026-08-09,,,telegram post,2026-09-28T06:05:43Z
t.me,Grekodom Development,https://t.me/grekodom/1644,For Sale: 2-Level Apartment in Psakoudia (Chalkidiki),sale,,160000.0,118.0,,0,,,,,,2026-07-13,,,telegram post,2026-09-28T06:04:11Z
t.me,Grekodom Development,https://t.me/grekodom/1648,"Furnished Villa of 440 m² for Sale in Makrigialos, Greece",sale,,550000.0,440.0,6,,,,,,,2026-07-21,,,telegram post,2026-09-28T06:04:11Z
t.me,Grekodom Development,https://t.me/grekodom/1685,"55 m² Apartment with a Fireplace in Polichrono, Chalkidiki (Greece)",sale,,155000.0,55.0,2,2,,,,,,2026-09-21,,,telegram post,2026-09-28T06:04:07Z
t.me,Жизнь и инвестиции в Греции,https://t.me/propertygreece/126,🏨 Продается бутик-отель в центре города,sale,apartment,2500000.0,543.3,,5,,,,,,2026-06-12,,,telegram post,2026-09-28T06:05:12Z
t.me,Жизнь и инвестиции в Греции,https://t.me/propertygreece/141,"Роскошный дом с видом на море в Коропи, Греция · Αθήνα",sale,house,2500000.0,460.0,,,,Αθήνα,,,,2026-06-19,,,telegram post,2026-09-28T06:05:09Z
t.me,Аренда Салоники / Rent Thessaloniki,https://t.me/rent_thessaloniki/1071,ДОЛГОСРОЧНАЯ АРЕНДА КВАРТИРЫ В КАТЕРИНИ · Κατερίνη,rent,apartment,400.0,90.0,2,2,,Κατερίνη,,,,2026-08-09,,,telegram post,2026-09-28T06:03:59Z
