source_domain,agency,url,title,transaction,type,price_eur,area_m2,bedrooms,floor,year_built,location,lat,lon,image,date_published,date_updated,date_sitemap,date_source,scraped_at,checked_at
iown.gr,iOWN,https://properties.iown.gr/en/properties/2589068,Office 52 m² Kentro,rent,office,450,52,3,4th,,Kentro,37.986310544997146,23.730759580143967,https://ilist-cdn.e-agents.cloud/appFol/appDetails/estatePhotos/fol2589068/142547095fda40d49bb73bb513d4aba3-thumb.jpg,,,,2026-10-07,2026-10-07T20:16,2026-10-07
iown.gr,iOWN,https://properties.iown.gr/en/properties/2585010,"Apartment 170 m² Agios Dimitrios, Paleo Psychiko",rent,apartment,4000,170,4,Ground Floor,1976,"Agios Dimitrios, Paleo Psychiko",38.014319209227175,23.775969084939977,,,,,2026-10-07,2026-10-07T20:16,2026-10-07
iown.gr,iOWN,https://properties.iown.gr/en/properties/2582278,Apartment 85 m² Voula,sale,apartment,735000,85,2,2nd,2024,Voula,37.845003137147195,23.764684162384,https://ilist-cdn.e-agents.cloud/appFol/appDetails/estatePhotos/fol2582278/21e0b89cdc8f49ceb68f39b757d1c4bd-thumb.jpg,,,,2026-10-07,2026-10-07T20:16,2026-10-07
iown.gr,iOWN,https://properties.iown.gr/en/properties/1920792,House 233 m² Sifnos,sale,house,950000,233,5,Ground Floor,2005,Sifnos,36.97464356077861,24.719576786711187,https://ilist-cdn.e-agents.cloud/appFol/appDetails/estatePhotos/fol1920792/91c8e30b46fc4f849e67d7118496468f-thumb.jpg,,,,2026-10-07,2026-10-07T20:16,2026-10-07
iown.gr,iOWN,https://properties.iown.gr/en/properties/2153513,House 99.4 m² Syros,sale,house,450000,99.4,,"Ground Floor, 1st",,Syros,37.4522,24.947644,https://ilist-cdn.e-agents.cloud/appFol/appDetails/estatePhotos/fol2153513/dea68214b4df4d698221a37d66a868e4-thumb.jpg,,,,2026-10-07,2026-10-07T20:16,2026-10-07
iown.gr,iOWN,https://properties.iown.gr/en/properties/1991697,House 283.28 m² Historic Center,rent,house,,283.28,1,,,Historic Center,37.976665248220435,23.724146707272357,https://ilist-cdn.e-agents.cloud/appFol/appDetails/estatePhotos/fol1991697/562cf15c2ed04352ba02e91d385d7f00-thumb.jpg,,,,2026-10-07,2026-10-07T20:16,2026-10-07
iown.gr,iOWN,https://properties.iown.gr/en/properties/2329558,"Land 4030.15 m² Aspous, Skiros",sale,land,,4030.15,,,,"Aspous, Skiros",38.874626,24.567736,,,,,2026-10-07,2026-10-07T20:16,2026-10-07
iown.gr,iOWN,https://properties.iown.gr/en/properties/2377818,House 462 m² Ekali,sale,house,1995000,462,3,,,Ekali,38.1070907,23.843390799999998,https://ilist-cdn.e-agents.cloud/appFol/appDetails/estatePhotos/fol2377818/15a79448628d4224b752a4440fe90dcc-thumb.jpg,,,,2026-10-07,2026-10-07T20:16,2026-10-07
iown.gr,iOWN,https://properties.iown.gr/en/properties/1828224,House 210 m² Mykonos,rent,house,10,210,5,,,Mykonos,37.44007627535004,25.417084693908695,https://ilist-cdn.e-agents.cloud/appFol/appDetails/estatePhotos/fol1828224/7b3e70c6b7ba4332af91b3d6890f8996-thumb.jpg,,,,2026-10-07,2026-10-07T20:16,2026-10-07
iown.gr,iOWN,https://properties.iown.gr/en/properties/1828259,House 200 m² Mykonos,rent,house,10,200,7,,,Mykonos,37.44910542972409,25.430517196655277,https://ilist-cdn.e-agents.cloud/appFol/appDetails/estatePhotos/fol1828259/05cdbd523d8041dd91bf492d06389e7c-thumb.jpg,,,,2026-10-07,2026-10-07T20:16,2026-10-07
iown.gr,iOWN,https://properties.iown.gr/en/properties/1828199,House 400 m² Mykonos,rent,house,10,400,8,,,Mykonos,37.421424347655005,25.395069122314453,https://ilist-cdn.e-agents.cloud/appFol/appDetails/estatePhotos/fol1828199/027683d2e5b94704af2cf11a90360fd0-thumb.jpg,,,,2026-10-07,2026-10-07T20:16,2026-10-07
iown.gr,iOWN,https://properties.iown.gr/en/properties/1842751,Apartment 33 m² Ampelokipoi - Pentagon,sale,apartment,150000,33,1,,,Ampelokipoi - Pentagon,37.99021865786583,23.76629233360291,https://ilist-cdn.e-agents.cloud/appFol/appDetails/estatePhotos/fol1842751/30f0e191d479470d9d41d115776d2e65-thumb.png,,,,2026-10-07,2026-10-07T20:16,2026-10-07
iown.gr,iOWN,https://properties.iown.gr/en/properties/2396207,"Store 229.94 m² Kolonaki, Kolonaki - Lykavittos",sale,store,1200000,229.94,,,,"Kolonaki, Kolonaki - Lykavittos",37.9794975,23.7397991,https://ilist-cdn.e-agents.cloud/appFol/appDetails/estatePhotos/fol2396207/489ce7deba484d08bb8f028948a9c273-thumb.jpg,,,,2026-10-07,2026-10-07T20:16,2026-10-07
iown.gr,iOWN,https://properties.iown.gr/en/properties/2376274,Warehouse 902 m² Koropi,rent,warehouse,5412,902,,,,Koropi,37.8735613,23.870845399999997,https://ilist-cdn.e-agents.cloud/appFol/appDetails/estatePhotos/fol2376274/718a0598e615461b87db31bb9e0008cb-thumb.jpeg,,,,2026-10-07,2026-10-07T20:16,2026-10-07
iown.gr,iOWN,https://properties.iown.gr/en/properties/2306943,"House 482 m² Ano Manna, Syros",sale,house,802000,482,,,,"Ano Manna, Syros",37.419311,24.931366999999998,,,,,2026-10-07,2026-10-07T20:16,2026-10-07
iown.gr,iOWN,https://properties.iown.gr/en/properties/2386965,Store 311.03 m² Ampelokipoi - Pentagon,rent,store,,311.03,,,,Ampelokipoi - Pentagon,37.994017199999995,23.767203700000003,https://ilist-cdn.e-agents.cloud/appFol/appDetails/estatePhotos/fol2386965/7bc53072bfb24551978c3654fc2d0a3e-thumb.jpg,,,,2026-10-07,2026-10-07T20:16,2026-10-07
iown.gr,iOWN,https://properties.iown.gr/en/properties/2141788,Apartment 31 m² Exarchia - Neapoli,sale,apartment,220000,31,1,,,Exarchia - Neapoli,37.9841467,23.732965099999998,https://ilist-cdn.e-agents.cloud/appFol/appDetails/estatePhotos/fol2141788/b290ed9843f74712b82d47b89320ac1f-thumb.jpg,,,,2026-10-07,2026-10-07T20:16,2026-10-07
iown.gr,iOWN,https://properties.iown.gr/en/properties/2141741,Studio 29 m² Agios Dimitrios,sale,studio,120000,29,1,,,Agios Dimitrios,37.93596590000001,23.7423915,https://ilist-cdn.e-agents.cloud/appFol/appDetails/estatePhotos/fol2141741/a5037ede084446d3b595ea05bea49eab-thumb.jpg,,,,2026-10-07,2026-10-07T20:16,2026-10-07
iown.gr,iOWN,https://properties.iown.gr/en/properties/2194349,Apartment 37 m² Exarchia - Neapoli,sale,apartment,270000,37,1,3rd,,Exarchia - Neapoli,37.9841467,23.732965099999998,https://ilist-cdn.e-agents.cloud/appFol/appDetails/estatePhotos/fol2194349/e43b7d3bef214773844d21241e40053e-thumb.jpg,,,,2026-10-07,2026-10-07T20:16,2026-10-07
iown.gr,iOWN,https://properties.iown.gr/en/properties/2141806,Apartment 59 m² Exarchia - Neapoli,sale,apartment,440000,59,2,5th,,Exarchia - Neapoli,37.9841467,23.732965099999998,https://ilist-cdn.e-agents.cloud/appFol/appDetails/estatePhotos/fol2141806/121ccd4047b5485c9afa1aa7eb82d189-thumb.jpg,,,,2026-10-07,2026-10-07T20:16,2026-10-07
iown.gr,iOWN,https://properties.iown.gr/en/properties/2235505,Apartment 31 m² Exarchia - Neapoli,sale,apartment,213000,31,1,2nd,,Exarchia - Neapoli,37.9841467,23.732965099999998,https://ilist-cdn.e-agents.cloud/appFol/appDetails/estatePhotos/fol2235505/5ba4147bb83c43b193d70eb0b8e8b8bd-thumb.jpg,,,,2026-10-07,2026-10-07T20:16,2026-10-07
iown.gr,iOWN,https://properties.iown.gr/en/properties/2141766,Apartment 35 m² Exarchia - Neapoli,sale,apartment,245000,35,1,3rd,,Exarchia - Neapoli,37.9841467,23.732965099999998,,,,,2026-10-07,2026-10-07T20:16,2026-10-07
iown.gr,iOWN,https://properties.iown.gr/en/properties/2235547,Apartment 43 m² Exarchia - Neapoli,sale,apartment,275000,43,1,2nd,,Exarchia - Neapoli,37.9841467,23.732965099999998,https://ilist-cdn.e-agents.cloud/appFol/appDetails/estatePhotos/fol2235547/c4265e7910214f508d526bb6be74e416-thumb.jpeg,,,,2026-10-07,2026-10-07T20:16,2026-10-07
iown.gr,iOWN,https://properties.iown.gr/en/properties/2235597,Apartment 51 m² Exarchia - Neapoli,sale,apartment,300000,51,1,,,Exarchia - Neapoli,37.9841467,23.732965099999998,https://ilist-cdn.e-agents.cloud/appFol/appDetails/estatePhotos/fol2235597/2f02e056a65f49408bdf71f87ccdd175-thumb.jpeg,,,,2026-10-07,2026-10-07T20:16,2026-10-07
iown.gr,iOWN,https://properties.iown.gr/en/properties/2235790,Apartment 35 m² Exarchia - Neapoli,sale,apartment,235000,35,1,,,Exarchia - Neapoli,37.9841467,23.732965099999998,https://ilist-cdn.e-agents.cloud/appFol/appDetails/estatePhotos/fol2235790/fc2ed4d8cfa0411282c93b6d189a99a4-thumb.jpeg,,,,2026-10-07,2026-10-07T20:16,2026-10-07
iown.gr,iOWN,https://properties.iown.gr/en/properties/2235808,Apartment 49 m² Exarchia - Neapoli,sale,apartment,370000,49,1,,,Exarchia - Neapoli,37.9841467,23.732965099999998,https://ilist-cdn.e-agents.cloud/appFol/appDetails/estatePhotos/fol2235808/0eb541649afc48b4a3cbf1f028e4c907-thumb.jpeg,,,,2026-10-07,2026-10-07T20:16,2026-10-07
iown.gr,iOWN,https://properties.iown.gr/en/properties/2308221,Apartment 197.05 m² Voula,sale,apartment,950000,197.05,3,,,Voula,37.8480235,23.7588792,https://ilist-cdn.e-agents.cloud/appFol/appDetails/estatePhotos/fol2308221/a2c7d89880b545bf9368ba0497d271ff-thumb.jpg,,,,2026-10-07,2026-10-07T20:16,2026-10-07
iown.gr,iOWN,https://properties.iown.gr/en/properties/2310634,Maisonette 297 m² Voula,sale,maisonette,1450000,297,4,,,Voula,37.8480235,23.7588792,https://ilist-cdn.e-agents.cloud/appFol/appDetails/estatePhotos/fol2310634/bd3015d9470e4db897f44d03b3716116-thumb.jpg,,,,2026-10-07,2026-10-07T20:16,2026-10-07
iown.gr,iOWN,https://properties.iown.gr/en/properties/2153208,Apartment 183.44 m² Kolonaki - Lykavittos,sale,apartment,800000,183.44,1,,,Kolonaki - Lykavittos,37.9795138,23.7365893,https://ilist-cdn.e-agents.cloud/appFol/appDetails/estatePhotos/fol2153208/85afed655ff642a695f56b41edf6bdd6-thumb.jpg,,,,2026-10-07,2026-10-07T20:16,2026-10-07
iown.gr,iOWN,https://properties.iown.gr/en/properties/2235833,Apartment 41 m² Exarchia - Neapoli,sale,apartment,350000,41,1,,,Exarchia - Neapoli,37.9841467,23.732965099999998,https://ilist-cdn.e-agents.cloud/appFol/appDetails/estatePhotos/fol2235833/4351fd1e69d04403957c0d86b7b6d296-thumb.jpeg,,,,2026-10-07,2026-10-07T20:16,2026-10-07
iown.gr,iOWN,https://properties.iown.gr/en/properties/2238962,Apartment 51.09 m² Pagkrati,sale,apartment,235000,51.09,2,,,Pagkrati,37.960595999999995,23.7380283,https://ilist-cdn.e-agents.cloud/appFol/appDetails/estatePhotos/fol2238962/31a41e6a4fc941b9997067becd72b178-thumb.jpg,,,,2026-10-07,2026-10-07T20:16,2026-10-07
iown.gr,iOWN,https://properties.iown.gr/en/properties/2270924,Apartment 51.09 m² Pagkrati,sale,apartment,240000,51.09,2,,,Pagkrati,37.9605914,23.7380282,https://ilist-cdn.e-agents.cloud/appFol/appDetails/estatePhotos/fol2270924/9221861ab3a34075b8de618545800749-thumb.jpg,,,,2026-10-07,2026-10-07T20:16,2026-10-07
iown.gr,iOWN,https://properties.iown.gr/en/properties/2270955,Apartment 33.15 m² Pagkrati,sale,apartment,166000,33.15,1,,,Pagkrati,37.9605914,23.7380282,https://ilist-cdn.e-agents.cloud/appFol/appDetails/estatePhotos/fol2270955/080cede454b64a7a8585e42f1fb3adf1-thumb.jpg,,,,2026-10-07,2026-10-07T20:16,2026-10-07
iown.gr,iOWN,https://properties.iown.gr/en/properties/2271015,Apartment 51.09 m² Pagkrati,sale,apartment,245000,51.09,2,,,Pagkrati,37.9605914,23.7380282,https://ilist-cdn.e-agents.cloud/appFol/appDetails/estatePhotos/fol2271015/d1cdc2082f9f40c7927f4b74192123dd-thumb.jpg,,,,2026-10-07,2026-10-07T20:16,2026-10-07
iown.gr,iOWN,https://properties.iown.gr/en/properties/2271043,Apartment 33.15 m² Pagkrati,sale,apartment,169000,33.15,1,,,Pagkrati,37.9605914,23.7380282,https://ilist-cdn.e-agents.cloud/appFol/appDetails/estatePhotos/fol2271043/a1ad5aac1dc847afb03cab333ccd9ebf-thumb.jpg,,,,2026-10-07,2026-10-07T20:16,2026-10-07
iown.gr,iOWN,https://properties.iown.gr/en/properties/2271061,Apartment 51.09 m² Pagkrati,sale,apartment,250000,51.09,2,,,Pagkrati,37.9605914,23.7380282,https://ilist-cdn.e-agents.cloud/appFol/appDetails/estatePhotos/fol2271061/dff4f12a44f647578c6694737f382b29-thumb.jpg,,,,2026-10-07,2026-10-07T20:16,2026-10-07
