date,source_domain,url,reason
2026-10-01,dora.estate,https://dora.estate/property/%ce%b4%ce%b9%ce%b1%ce%bc%ce%ad%cf%81%ce%b9%cf%83%ce%bc%ce%b1-110-%cf%84-%ce%bc/,http 404
2026-10-01,dora.estate,https://dora.estate/property/%ce%b4%ce%b9%ce%b1%ce%bc%ce%ad%cf%81%ce%b9%cf%83%ce%bc%ce%b1-126-%cf%84-%ce%bc/,http 404
2026-10-01,best-house.gr,https://www.best-house.gr/akinito/385-stoudio-40tm-z7a467,http 404
2026-10-01,best-house.gr,https://www.best-house.gr/akinito/493-diamerisma-65tm-z7570,http 404
2026-10-01,best-house.gr,https://www.best-house.gr/akinito/488-garsoniera-62tm-l7566,http 404
2026-10-01,best-house.gr,https://www.best-house.gr/akinito/485-diamerisma-60tm-a7563,http 404
2026-10-01,best-house.gr,https://www.best-house.gr/akinito/456-garsoniera-67tm-z7535,http 404
2026-10-01,best-house.gr,https://www.best-house.gr/akinito/479-diamerisma-80tm-z7556,http 404
2026-10-01,angelou-realestate.gr,https://www.angelou-realestate.gr/single-property-page.php?id=607&sr=2,redirects to https://www.angelou-realestate.gr/noresults.php?id=
2026-10-01,dovile.gr,https://dovile.gr/el/property/58870,http 404
2026-10-01,casanova.com.gr,https://casanova.com.gr/el/property/545056,http 404
2026-10-01,casanova.com.gr,https://casanova.com.gr/el/property/545046,http 404
2026-10-01,casanova.com.gr,https://casanova.com.gr/el/property/545031,http 404
2026-10-01,casanova.com.gr,https://casanova.com.gr/el/property/544963,http 404
2026-10-01,casanova.com.gr,https://casanova.com.gr/el/property/545016,http 404
2026-10-01,casanova.com.gr,https://casanova.com.gr/el/property/545013,http 404
2026-10-01,casanova.com.gr,https://casanova.com.gr/el/property/544932,http 404
2026-10-01,casanova.com.gr,https://casanova.com.gr/el/property/544827,http 404
2026-10-01,casanova.com.gr,https://casanova.com.gr/el/property/545042,http 404
2026-10-01,casanova.com.gr,https://casanova.com.gr/el/property/545019,http 404
2026-10-01,casanova.com.gr,https://casanova.com.gr/el/property/544933,http 404
2026-10-01,casanova.com.gr,https://casanova.com.gr/el/property/544877,http 404
2026-10-01,hometarget.gr,https://hometarget.gr/el/property/4165,redirects to https://hometarget.gr/website/error
2026-10-01,hometarget.gr,https://hometarget.gr/el/property/4158,redirects to https://hometarget.gr/website/error
2026-10-01,hometarget.gr,https://hometarget.gr/el/property/4145,redirects to https://hometarget.gr/website/error
2026-10-01,hometarget.gr,https://hometarget.gr/el/property/4132,redirects to https://hometarget.gr/website/error
2026-10-01,elgrekorealestate.com,https://www.elgrekorealestate.com/ru/property/show/2311392/,http 404
2026-10-01,elgrekorealestate.com,https://www.elgrekorealestate.com/ru/property/show/2337531/,http 404
2026-10-01,elgrekorealestate.com,https://www.elgrekorealestate.com/gr/property/show/2311392/,http 404
2026-10-01,elgrekorealestate.com,https://www.elgrekorealestate.com/ru/property/show/2329484/,http 404
2026-10-01,elgrekorealestate.com,https://www.elgrekorealestate.com/gr/property/show/2329484/,http 404
2026-10-01,interakinita.gr,https://interakinita.gr/el/property/3010,http 404
2026-10-01,interakinita.gr,https://interakinita.gr/el/property/3027,http 404
2026-10-01,interakinita.gr,https://interakinita.gr/el/property/3035,http 404
2026-10-01,interakinita.gr,https://interakinita.gr/el/property/3022,http 404
2026-10-01,interakinita.gr,https://interakinita.gr/el/property/1656,http 404
2026-10-01,kosmopolishouse.gr,https://kosmopolishouse.gr/akinita/anakainismeni-gkarsoniera-006,http 404
2026-10-01,mandraouhome.gr,https://www.mandraouhome.gr/portfolio-item/loft-107%cf%84-%ce%bc-%ce%bc%ce%b7%cf%87%ce%b1%ce%bd%ce%b9%cf%8e%ce%bd%ce%b1-e170-000/,http 404
2026-10-01,mandraouhome.gr,https://www.mandraouhome.gr/portfolio-item/%ce%b4%ce%b9%ce%b1%ce%bc%ce%ad%cf%81%ce%b9%cf%83%ce%bc%ce%b1-70%cf%84-%ce%bc-%ce%bc%ce%b7%cf%87%ce%b1%ce%bd%ce%b9%cf%8e%ce%bd%ce%b1-e600/,http 404
2026-10-01,mandraouhome.gr,https://www.mandraouhome.gr/portfolio-item/%ce%b4%ce%b9%ce%b1%ce%bc%ce%ad%cf%81%ce%b9%cf%83%ce%bc%ce%b1-60%cf%84-%ce%bc-%ce%bc%ce%b7%cf%87%ce%b1%ce%bd%ce%b9%cf%8e%ce%bd%ce%b1-e105-000/,http 404
2026-10-01,monopoly.com.gr,https://monopoly.com.gr/el/property/97895,http 404
2026-10-01,monopoly.com.gr,https://monopoly.com.gr/el/property/98323,http 404
2026-10-01,monopoly.com.gr,https://monopoly.com.gr/el/property/94588,http 404
2026-10-01,monopoly.com.gr,https://monopoly.com.gr/el/property/97611,http 404
2026-10-01,monopoly.com.gr,https://monopoly.com.gr/el/property/95115,http 404
2026-10-01,mesitiki.net,https://mesitiki.net/el/property/2960,http 404
2026-10-01,mesitiki.net,https://mesitiki.net/el/property/3057,http 404
2026-10-01,katikia.com.gr,https://katikia.com.gr/el/property/2515,http 404
2026-10-01,tzemis.gr,https://www.tzemis.gr/properties/%ce%ba%ce%b1%cf%83%cf%83%ce%ac%ce%bd%ce%b4%cf%81%ce%bf%cf%85-%ce%bc%cf%841753/,http 404
2026-10-01,tzemis.gr,https://www.tzemis.gr/properties/%ce%bb%ce%b5%cf%89%ce%bd%ce%af%ce%b4%ce%b1-%ce%b9%ce%b1%cf%83%cf%89%ce%bd%ce%af%ce%b4%ce%bf%cf%85-%ce%ba1675/,http 404
2026-10-01,tzemis.gr,https://www.tzemis.gr/properties/%cf%80%ce%b1%cf%8d%ce%bb%ce%bf%cf%85-%ce%bc%ce%b5%ce%bb%ce%ac-%ce%b5%cf%841692/,http 404
2026-10-01,tzemis.gr,https://www.tzemis.gr/properties/%ce%b9%ce%b1%cf%83%cf%89%ce%bd%ce%af%ce%b4%ce%bf%cf%85-%ce%ba%cf%841718/,http 404
2026-10-01,tzemis.gr,https://www.tzemis.gr/properties/%ce%b9%ce%b1%cf%83%cf%89%ce%bd%ce%af%ce%b4%ce%bf%cf%85-%ce%ba%cf%841720/,http 404
2026-10-01,tzemis.gr,https://www.tzemis.gr/properties/%ce%bc%ce%bf%cf%81%ce%ba%ce%b5%ce%bd%cf%84%ce%ac%ce%bf%cf%85-%ce%b5%cf%841749/,http 404
2026-10-01,thermaikosrealest.gr,https://thermaikosrealest.gr/el/property/12011,http 404
2026-10-01,thermaikosrealest.gr,https://thermaikosrealest.gr/el/property/12093,http 404
2026-10-01,thermaikosrealest.gr,https://thermaikosrealest.gr/el/property/10139,http 404
2026-10-01,politia.gr,https://politia.gr/el/property/10424,http 404
2026-10-01,politia.gr,https://politia.gr/el/property/10421,http 404
2026-10-01,politia.gr,https://politia.gr/el/property/71923,http 404
2026-10-01,aki-nito.gr,https://aki-nito.gr/el/property/5009,http 404
2026-10-01,aki-nito.gr,https://aki-nito.gr/el/property/5015,http 404
2026-10-01,aki-nito.gr,https://aki-nito.gr/el/property/4998,http 404
2026-10-01,aki-nito.gr,https://aki-nito.gr/el/property/4914,http 404
2026-10-01,aki-nito.gr,https://aki-nito.gr/el/property/4981,http 404
2026-10-01,aki-nito.gr,https://aki-nito.gr/el/property/4973,http 404
2026-10-01,aki-nito.gr,https://aki-nito.gr/el/property/4945,http 404
2026-10-01,arcusrealestate.gr,https://arcusrealestate.gr/el/properties/123093,http 404
2026-10-01,arcusrealestate.gr,https://arcusrealestate.gr/el/properties/123110,http 404
2026-10-01,arcusrealestate.gr,https://arcusrealestate.gr/el/properties/123059,http 404
2026-10-01,arcusrealestate.gr,https://arcusrealestate.gr/el/properties/122943,http 404
2026-10-01,rewize.com,https://rewize.com/akinito/1651,http 404
2026-10-01,remax.gr,https://www.remax.gr/property/406391-polisi-gkarsoniera-studio-anw-kypselh,http 404
2026-10-01,ktimatoemporiki.gr,https://ktimatoemporiki.gr/property/top-floor-apartment-for-sale-in-thessaloniki-konstantinopolitika-id-th4-2950,left the sitemap
2026-10-01,best-house.gr,https://www.best-house.gr/akinito/494-garsoniera-37tm-z7571,http 404
2026-10-01,angelou-realestate.gr,https://www.angelou-realestate.gr/single-property-page.php?id=524&sr=2,redirects to https://www.angelou-realestate.gr/noresults.php?id=
2026-10-01,greekexclusiveproperties.com,https://www.greekexclusiveproperties.com/property/hotel-for-sale-caldera-santorini-with-21-rooms-can-be-sold-either-25-49-100-of-the-hotel/,sold / not available
2026-10-01,interakinita.gr,https://interakinita.gr/en/property/1656,http 404
2026-10-01,interakinita.gr,https://interakinita.gr/el/property/3040,http 404
2026-10-01,mkrealhome.com,https://www.mkrealhome.com/properties/2095peraia,http 404
2026-10-01,kosmopolishouse.gr,https://kosmopolishouse.gr/akinita/gkarsoniera-089,http 404
2026-10-01,g-mas.gr,https://www.g-mas.gr/el/akinita/thessaloniki-mezoneta-925/,http 404
2026-10-01,g-mas.gr,https://www.g-mas.gr/en/properties/thessaloniki-maisonette-925/,http 404
2026-10-01,vourtisrealestate.gr,https://vourtisrealestate.gr/el/akinito/20950540,http 404
2026-10-01,thermaikosrealest.gr,https://thermaikosrealest.gr/el/property/11162,http 404
2026-10-01,thermaikosrealest.gr,https://thermaikosrealest.gr/el/property/11161,http 404
2026-10-01,aki-nito.gr,https://aki-nito.gr/el/property/5016,http 404
2026-10-01,aki-nito.gr,https://aki-nito.gr/el/property/4825,http 404
2026-10-01,aki-nito.gr,https://aki-nito.gr/el/property/5002,http 404
2026-10-01,aki-nito.gr,https://aki-nito.gr/el/property/4759,http 404
2026-10-01,aki-nito.gr,https://aki-nito.gr/el/property/4601,http 404
2026-10-01,arcusrealestate.gr,https://arcusrealestate.gr/el/properties/122826,http 404
2026-10-01,arcusrealestate.gr,https://arcusrealestate.gr/el/properties/122686,http 404
2026-10-01,arcusrealestate.gr,https://arcusrealestate.gr/el/properties/122641,http 404
2026-10-01,arcusrealestate.gr,https://arcusrealestate.gr/el/properties/122556,http 404
2026-10-01,rewize.com,https://rewize.com/en/property/1651,http 404
2026-10-01,rewize.com,https://rewize.com/akinito/2188,http 404
2026-10-01,rewize.com,https://rewize.com/en/property/2188,http 404
2026-10-02,remax.gr,https://www.remax.gr/property/391116-enoikiasi-diamerisma-zwodoxoy-phghs,not on result pages
2026-10-02,remax.gr,https://www.remax.gr/property/403760-enoikiasi-katastima-eleytherio-kordelio,not on result pages
2026-10-02,mkrealhome.com,https://www.mkrealhome.com/properties/2099toroni,http 404
2026-10-02,monopoly.com.gr,https://monopoly.com.gr/el/property/87809,http 404
2026-10-02,thermaikosrealest.gr,https://thermaikosrealest.gr/el/property/11976,http 404
2026-10-02,thermaikosrealest.gr,https://thermaikosrealest.gr/el/property/12007,http 404
2026-10-02,thermaikosrealest.gr,https://thermaikosrealest.gr/el/property/11977,http 404
2026-10-02,thermaikosrealest.gr,https://thermaikosrealest.gr/el/property/11965,http 404
2026-10-02,arcusrealestate.gr,https://arcusrealestate.gr/el/properties/122411,http 404
2026-10-02,goldenhome.gr,https://goldenhome.gr/property/view/534560,sold / not available
2026-10-02,remax.gr,https://www.remax.gr/property/403852-enoikiasi-diamerisma-dhmarxeioy,not on result pages
2026-10-02,remax.gr,https://www.remax.gr/property/406338-enoikiasi-diamerisma-neo-rysio,not on result pages
2026-10-02,makler.gr,https://makler.gr/en/property/mezoneta-pros-polisi-105-t-m/,http 404
2026-10-02,thermaikosrealest.gr,https://thermaikosrealest.gr/el/property/12082,http 404
2026-10-02,thermaikosrealest.gr,https://thermaikosrealest.gr/el/property/12083,http 404
2026-10-02,thermaikosrealest.gr,https://thermaikosrealest.gr/el/property/12084,http 404
2026-10-02,aki-nito.gr,https://aki-nito.gr/el/property/4983,http 404
2026-10-02,arcusrealestate.gr,https://arcusrealestate.gr/el/properties/122178,http 404
2026-10-02,arcusrealestate.gr,https://arcusrealestate.gr/el/properties/122024,http 404
2026-10-02,arcusrealestate.gr,https://arcusrealestate.gr/el/properties/121946,http 404
2026-10-02,arcusrealestate.gr,https://arcusrealestate.gr/el/properties/121928,http 404
2026-10-02,arcusrealestate.gr,https://arcusrealestate.gr/el/properties/121916,http 404
2026-10-02,arcusrealestate.gr,https://arcusrealestate.gr/el/properties/121880,http 404
2026-10-02,arcusrealestate.gr,https://arcusrealestate.gr/el/properties/121784,http 404
2026-10-02,arcusrealestate.gr,https://arcusrealestate.gr/el/properties/121628,http 404
2026-10-02,arcusrealestate.gr,https://arcusrealestate.gr/el/properties/121480,http 404
2026-10-02,arcusrealestate.gr,https://arcusrealestate.gr/el/properties/120998,http 404
2026-10-02,arcusrealestate.gr,https://arcusrealestate.gr/el/properties/120781,http 404
2026-10-02,arcusrealestate.gr,https://arcusrealestate.gr/el/properties/120498,http 404
2026-10-02,arcusrealestate.gr,https://arcusrealestate.gr/el/properties/119861,http 404
2026-10-02,arcusrealestate.gr,https://arcusrealestate.gr/el/properties/116764,http 404
2026-10-02,arcusrealestate.gr,https://arcusrealestate.gr/el/properties/116613,http 404
2026-10-02,arcusrealestate.gr,https://arcusrealestate.gr/el/properties/114932,http 404
2026-10-02,arcusrealestate.gr,https://arcusrealestate.gr/el/properties/114909,http 404
2026-10-02,arcusrealestate.gr,https://arcusrealestate.gr/el/properties/114908,http 404
2026-10-02,arcusrealestate.gr,https://arcusrealestate.gr/el/properties/114792,http 404
2026-10-02,arcusrealestate.gr,https://arcusrealestate.gr/el/properties/100187,http 404
2026-10-02,goldenhome.gr,https://goldenhome.gr/property/view/495075,sold / not available
2026-10-02,casanova.com.gr,https://casanova.com.gr/el/property/544314,http 404
2026-10-02,g-mas.gr,https://www.g-mas.gr/el/akinita/thessaloniki-monokatoikia-1333/,http 404
2026-10-02,g-mas.gr,https://www.g-mas.gr/el/akinita/thessaloniki-diamerisma-mezoneta-1337/,http 404
2026-10-02,g-mas.gr,https://www.g-mas.gr/el/akinita/thessaloniki-diamerisma-mezoneta-1336/,http 404
2026-10-02,g-mas.gr,https://www.g-mas.gr/en/properties/thessaloniki-apartment-1097/,http 404
2026-10-02,g-mas.gr,https://www.g-mas.gr/en/properties/thessaloniki-apartment-1096/,http 404
2026-10-02,vourtisrealestate.gr,https://vourtisrealestate.gr/el/akinito/20922859,http 404
2026-10-02,thessalonikirealestate.gr,https://www.thessaloniki-realestate.gr/en/property/plot-neo-panorama-3-3149/,http 404
2026-10-02,thessaloniki-realestate.gr,https://www.thessaloniki-realestate.gr/en/property/plot-neo-panorama-3-3149/,http 404
2026-10-02,aki-nito.gr,https://aki-nito.gr/el/property/4811,http 404
2026-10-02,aki-nito.gr,https://aki-nito.gr/el/property/4995,http 404
2026-10-02,aki-nito.gr,https://aki-nito.gr/el/property/4907,http 404
2026-10-02,aki-nito.gr,https://aki-nito.gr/el/property/4265,http 404
2026-10-02,aki-nito.gr,https://aki-nito.gr/el/property/4705,http 404
2026-10-02,aki-nito.gr,https://aki-nito.gr/el/property/4682,http 404
2026-10-02,aki-nito.gr,https://aki-nito.gr/el/property/4666,http 404
2026-10-02,aki-nito.gr,https://aki-nito.gr/el/property/4628,http 404
2026-10-02,aki-nito.gr,https://aki-nito.gr/el/property/4037,http 404
2026-10-02,aki-nito.gr,https://aki-nito.gr/el/property/4615,http 404
2026-10-02,aki-nito.gr,https://aki-nito.gr/el/property/4605,http 404
2026-10-02,aki-nito.gr,https://aki-nito.gr/el/property/4517,http 404
2026-10-02,aki-nito.gr,https://aki-nito.gr/el/property/4501,http 404
2026-10-02,aki-nito.gr,https://aki-nito.gr/el/property/4490,http 404
2026-10-02,aki-nito.gr,https://aki-nito.gr/el/property/4373,http 404
2026-10-02,aki-nito.gr,https://aki-nito.gr/el/property/4250,http 404
2026-10-02,rewize.com,https://rewize.com/en/property/2958,http 404
2026-10-02,arcusrealestate.gr,https://arcusrealestate.gr/el/properties/123122,http 404
2026-10-02,goldenhome.gr,https://goldenhome.gr/property/view/483605,sold / not available
2026-10-03,remax.gr,https://www.remax.gr/property/314774-polisi-diamerisma-agios-iwannhs,not on result pages
2026-10-03,remax.gr,https://www.remax.gr/property/363761-polisi-mezoneta-kentro,not on result pages
2026-10-03,remax.gr,https://www.remax.gr/property/389199-polisi-diamerisma-kentro,not on result pages
2026-10-03,remax.gr,https://www.remax.gr/property/394606-polisi-mezoneta-kentro,not on result pages
2026-10-03,remax.gr,https://www.remax.gr/property/399846-polisi-bila-oikismos-makedonia,not on result pages
2026-10-03,remax.gr,https://www.remax.gr/property/400754-polisi-diamerisma-nea-krhnh,not on result pages
2026-10-03,remax.gr,https://www.remax.gr/property/405690-enoikiasi-diamerisma-katw-toympa,not on result pages
2026-10-03,remax.gr,https://www.remax.gr/property/405969-polisi-epaggelmatiko-ktirio-diabata,not on result pages
2026-10-03,anastasiouproperties.gr,https://anastasiouproperties.gr/property/2577591-diamerisma-pros-enoikiasi-touba-120-t-m-e700/,http 404
2026-10-03,anastasiouproperties.gr,https://anastasiouproperties.gr/en/property/2577591-apartment-for-rent-toumpa-120-sq-m-e700/,http 404
2026-10-03,casanova.com.gr,https://casanova.com.gr/el/property/545057,http 404
2026-10-03,hometarget.gr,https://hometarget.gr/el/property/4170,redirects to https://hometarget.gr/website/error
2026-10-03,katikia.com.gr,https://katikia.com.gr/el/property/1540,http 404
2026-10-03,mesitiki.net,https://mesitiki.net/el/property/2873,http 404
2026-10-03,g-mas.gr,https://www.g-mas.gr/el/akinita/thessaloniki-diamerisma-1096/,http 404
2026-10-03,tzemis.gr,https://www.tzemis.gr/properties/%ce%b2%ce%b1%cf%83%ce%b9%ce%bb%ce%af%cf%83%cf%83%ce%b7%cf%82-%cf%8c%ce%bb%ce%b3%ce%b1%cf%82-%cf%841742/,http 404
2026-10-03,vourtisrealestate.gr,https://vourtisrealestate.gr/el/akinito/20433062,http 404
2026-10-03,vourtisrealestate.gr,https://vourtisrealestate.gr/el/akinito/18514374,http 404
2026-10-03,arcusrealestate.gr,https://arcusrealestate.gr/el/properties/122944,http 404
2026-10-03,politia.gr,https://politia.gr/el/property/71970,http 404
2026-10-03,liaggas-realestate.gr,https://www.liaggas-realestate.gr/el/akinito/20090728,http 404
2026-10-03,aki-nito.gr,https://aki-nito.gr/el/property/4794,http 404
2026-10-03,aki-nito.gr,https://aki-nito.gr/el/property/4533,http 404
2026-10-03,aki-nito.gr,https://aki-nito.gr/el/property/4336,http 404
2026-10-03,aki-nito.gr,https://aki-nito.gr/el/property/4340,http 404
2026-10-03,aki-nito.gr,https://aki-nito.gr/el/property/4339,http 404
2026-10-03,aki-nito.gr,https://aki-nito.gr/el/property/4290,http 404
2026-10-03,aki-nito.gr,https://aki-nito.gr/el/property/4283,http 404
2026-10-03,aki-nito.gr,https://aki-nito.gr/el/property/4171,http 404
2026-10-03,aki-nito.gr,https://aki-nito.gr/el/property/4188,http 404
2026-10-03,aki-nito.gr,https://aki-nito.gr/el/property/4186,http 404
2026-10-03,aki-nito.gr,https://aki-nito.gr/el/property/4182,http 404
2026-10-03,aki-nito.gr,https://aki-nito.gr/el/property/4173,http 404
2026-10-03,aki-nito.gr,https://aki-nito.gr/el/property/4113,http 404
2026-10-03,aki-nito.gr,https://aki-nito.gr/el/property/4025,http 404
2026-10-03,aki-nito.gr,https://aki-nito.gr/el/property/4802,http 404
2026-10-03,aki-nito.gr,https://aki-nito.gr/el/property/4801,http 404
2026-10-03,rewize.com,https://rewize.com/akinito/2958,http 404
2026-10-03,rewize.com,https://rewize.com/en/property/3133,http 404
2026-10-03,rewize.com,https://rewize.com/en/property/3134,http 404
2026-10-03,rewize.com,https://rewize.com/en/property/3139,http 404
2026-10-03,rewize.com,https://rewize.com/en/property/3144,http 404
2026-10-03,rewize.com,https://rewize.com/en/property/3155,http 404
2026-10-03,rewize.com,https://rewize.com/en/property/3167,http 404
2026-10-03,rewize.com,https://rewize.com/en/property/3169,http 404
2026-10-03,rewize.com,https://rewize.com/en/property/3179,http 404
2026-10-03,rewize.com,https://rewize.com/en/property/3182,http 404
2026-10-03,rewize.com,https://rewize.com/en/property/3186,http 404
2026-10-03,rewize.com,https://rewize.com/en/property/3189,http 404
2026-10-03,rewize.com,https://rewize.com/en/property/3192,http 404
2026-10-03,rewize.com,https://rewize.com/en/property/3193,http 404
2026-10-03,rewize.com,https://rewize.com/en/property/3196,http 404
2026-10-03,rewize.com,https://rewize.com/en/property/3197,http 404
2026-10-03,rewize.com,https://rewize.com/en/property/3221,http 404
2026-10-03,rewize.com,https://rewize.com/en/property/3224,http 404
2026-10-03,rewize.com,https://rewize.com/en/property/3228,http 404
2026-10-03,rewize.com,https://rewize.com/en/property/3230,http 404
2026-10-03,rewize.com,https://rewize.com/en/property/3274,http 404
2026-10-03,rewize.com,https://rewize.com/en/property/3280,http 404
2026-10-03,rewize.com,https://rewize.com/en/property/3302,http 404
2026-10-03,rewize.com,https://rewize.com/en/property/3304,http 404
2026-10-03,rewize.com,https://rewize.com/akinito/3310,http 404
2026-10-03,rewize.com,https://rewize.com/en/property/3310,http 404
2026-10-03,rewize.com,https://rewize.com/akinito/3318,http 404
2026-10-03,rewize.com,https://rewize.com/en/property/3318,http 404
2026-10-03,rewize.com,https://rewize.com/akinito/3324,http 404
2026-10-03,rewize.com,https://rewize.com/en/property/3324,http 404
2026-10-03,rewize.com,https://rewize.com/akinito/3327,http 404
2026-10-03,rewize.com,https://rewize.com/en/property/3327,http 404
2026-10-03,goldenhome.gr,https://goldenhome.gr/property/view/456588,sold / not available
2026-10-03,remax.gr,https://www.remax.gr/property/390858-enoikiasi-diamerisma-kwnstantinopolitika,not on result pages
2026-10-03,remax.gr,https://www.remax.gr/property/396392-enoikiasi-mezoneta-wraiokastro,not on result pages
2026-10-03,remax.gr,https://www.remax.gr/property/405989-enoikiasi-diamerisma-panorama,not on result pages
2026-10-03,hometarget.gr,https://hometarget.gr/el/property/3138,redirects to https://hometarget.gr/website/error
2026-10-03,monopoly.com.gr,https://monopoly.com.gr/el/property/98553,http 404
2026-10-03,vourtisrealestate.gr,https://vourtisrealestate.gr/en/propertyDetails/17780606,http 404
2026-10-03,thessalonikirealestate.gr,https://www.thessaloniki-realestate.gr/property/%ce%b3%ce%ba%ce%b1%cf%81%cf%83%ce%bf%ce%bd%ce%b9%ce%ad%cf%81%ce%b1-%cf%80%ce%bb-%ce%b1%ce%bd%cf%84%ce%b9%ce%b3%ce%bf%ce%bd%ce%b9%ce%b4%cf%8e%ce%bd-1-24500/,http 404
2026-10-03,thessalonikirealestate.gr,https://www.thessaloniki-realestate.gr/property/%ce%b3%ce%ba%ce%b1%cf%81%cf%83%ce%bf%ce%bd%ce%b9%ce%ad%cf%81%ce%b1-%cf%83%cf%85%ce%bd%cf%84%cf%81%ce%b9%ce%b2%ce%ac%ce%bd%ce%b9-1-24471/,http 404
2026-10-03,thessaloniki-realestate.gr,https://www.thessaloniki-realestate.gr/property/%ce%b3%ce%ba%ce%b1%cf%81%cf%83%ce%bf%ce%bd%ce%b9%ce%ad%cf%81%ce%b1-%cf%80%ce%bb-%ce%b1%ce%bd%cf%84%ce%b9%ce%b3%ce%bf%ce%bd%ce%b9%ce%b4%cf%8e%ce%bd-1-24500/,http 404
2026-10-03,thessaloniki-realestate.gr,https://www.thessaloniki-realestate.gr/property/%ce%b3%ce%ba%ce%b1%cf%81%cf%83%ce%bf%ce%bd%ce%b9%ce%ad%cf%81%ce%b1-%cf%83%cf%85%ce%bd%cf%84%cf%81%ce%b9%ce%b2%ce%ac%ce%bd%ce%b9-1-24471/,http 404
2026-10-03,aki-nito.gr,https://aki-nito.gr/el/property/5018,http 404
2026-10-03,aki-nito.gr,https://aki-nito.gr/el/property/4800,http 404
2026-10-03,aki-nito.gr,https://aki-nito.gr/el/property/4798,http 404
2026-10-03,aki-nito.gr,https://aki-nito.gr/el/property/4797,http 404
2026-10-03,aki-nito.gr,https://aki-nito.gr/el/property/4795,http 404
2026-10-03,aki-nito.gr,https://aki-nito.gr/el/property/5017,http 404
2026-10-03,aki-nito.gr,https://aki-nito.gr/el/property/3805,http 404
2026-10-03,rewize.com,https://rewize.com/akinito/3332,http 404
2026-10-03,rewize.com,https://rewize.com/en/property/3332,http 404
2026-10-03,rewize.com,https://rewize.com/akinito/3404,http 404
2026-10-03,rewize.com,https://rewize.com/en/property/3404,http 404
2026-10-05,remax.gr,https://www.remax.gr/property/335012-polisi-diamerisma-8ermh,not on result pages
2026-10-05,remax.gr,https://www.remax.gr/property/392490-polisi-diamerisma-anwthen-perifereiakoy,not on result pages
2026-10-05,remax.gr,https://www.remax.gr/property/399848-enoikiasi-diamerisma-synoikismos-nomoy-751,not on result pages
2026-10-05,remax.gr,https://www.remax.gr/property/401133-polisi-katastima-polixnh,not on result pages
2026-10-05,ktimatoemporiki.gr,https://ktimatoemporiki.gr/property/seaview-apartment-for-sale-in-halkidiki-id-h4-9030,left the sitemap
2026-10-05,best-house.gr,https://www.best-house.gr/akinito/465-garsoniera-55tm-a7543,http 404
2026-10-05,four-walls.gr,https://four-walls.gr/properties/2400030,http 404
2026-10-05,casanova.com.gr,https://casanova.com.gr/el/property/544852,http 404
2026-10-05,casanova.com.gr,https://casanova.com.gr/el/property/545001,http 404
2026-10-05,casanova.com.gr,https://casanova.com.gr/el/property/545043,http 404
2026-10-05,casanova.com.gr,https://casanova.com.gr/el/property/545040,http 404
2026-10-05,casanova.com.gr,https://casanova.com.gr/el/property/545022,http 404
2026-10-05,casanova.com.gr,https://casanova.com.gr/el/property/545024,http 404
2026-10-05,gproperty.gr,https://gproperty.gr/property/diamerisma-120tm-martiou/,http 404
2026-10-05,gproperty.gr,https://gproperty.gr/property/diamerisma-104tm-kentro/,http 404
2026-10-05,hometarget.gr,https://hometarget.gr/el/property/2961,redirects to https://hometarget.gr/website/error
2026-10-05,hometarget.gr,https://hometarget.gr/el/property/2722,redirects to https://hometarget.gr/website/error
2026-10-05,hometarget.gr,https://hometarget.gr/el/property/4167,redirects to https://hometarget.gr/website/error
2026-10-05,interakinita.gr,https://interakinita.gr/el/property/2791,http 404
2026-10-05,interakinita.gr,https://interakinita.gr/el/property/1534,http 404
2026-10-05,elgrekorealestate.com,https://www.elgrekorealestate.com/ru/property/show/2528264/,http 404
2026-10-05,katikia.com.gr,https://katikia.com.gr/el/property/2508,http 404
2026-10-05,monopoly.com.gr,https://monopoly.com.gr/el/property/88930,http 404
2026-10-05,monopoly.com.gr,https://monopoly.com.gr/el/property/98483,http 404
2026-10-05,monopoly.com.gr,https://monopoly.com.gr/el/property/98250,http 404
2026-10-05,monopoly.com.gr,https://monopoly.com.gr/el/property/94951,http 404
2026-10-05,monopoly.com.gr,https://monopoly.com.gr/el/property/98224,http 404
2026-10-05,mandraouhome.gr,https://www.mandraouhome.gr/portfolio-item/%ce%ba%ce%b1%cf%84%ce%ac%cf%83%cf%84%ce%b7%ce%bc%ce%b1-80%cf%84-%ce%bc-%ce%bd%ce%ad%ce%b1-%ce%b9%cf%89%ce%bd%ce%af%ce%b1-e550/,http 404
2026-10-05,mandraouhome.gr,https://www.mandraouhome.gr/portfolio-item/%ce%bc%ce%bf%ce%bd%ce%bf%ce%ba%ce%b1%cf%84%ce%bf%ce%b9%ce%ba%ce%af%ce%b1-140%cf%84-%ce%bc-%cf%80%cf%8d%cf%81%ce%b3%ce%bf%cf%82-%ce%b5%cf%80%ce%b1%ce%bd%ce%bf%ce%bc%ce%ae%cf%82/,http 404
2026-10-05,squaremeter.gr,https://squaremeter.gr/properties/30060/,http 404
2026-10-05,thermaikosrealest.gr,https://thermaikosrealest.gr/el/property/11927,http 404
2026-10-05,thermaikosrealest.gr,https://thermaikosrealest.gr/el/property/11972,http 404
2026-10-05,vourtisrealestate.gr,https://vourtisrealestate.gr/el/akinito/20365084,http 404
2026-10-05,vourtisrealestate.gr,https://vourtisrealestate.gr/el/akinito/17780606,http 404
2026-10-05,thessalonikirealestate.gr,https://www.thessaloniki-realestate.gr/en/property/apartment-panagia-faneromeni-1-24105/,http 404
2026-10-05,thessalonikirealestate.gr,https://www.thessaloniki-realestate.gr/en/property/apartment-diikitirio-1-24287/,http 404
2026-10-05,aki-nito.gr,https://aki-nito.gr/el/property/5024,http 404
2026-10-05,aki-nito.gr,https://aki-nito.gr/el/property/4984,http 404
2026-10-05,aki-nito.gr,https://aki-nito.gr/el/property/4997,http 404
2026-10-05,aki-nito.gr,https://aki-nito.gr/el/property/4936,http 404
2026-10-05,thessaloniki-realestate.gr,https://www.thessaloniki-realestate.gr/en/property/apartment-panagia-faneromeni-1-24105/,http 404
2026-10-05,thessaloniki-realestate.gr,https://www.thessaloniki-realestate.gr/en/property/apartment-diikitirio-1-24287/,http 404
2026-10-05,kosmopolishouse.gr,https://kosmopolishouse.gr/akinita/diamerisma-108,http 404
2026-10-05,arcusrealestate.gr,https://arcusrealestate.gr/el/properties/120183,http 404
2026-10-05,goldenhome.gr,https://goldenhome.gr/property/view/538846,sold / not available
2026-10-05,goldenhome.gr,https://goldenhome.gr/property/view/465009,sold / not available
2026-10-05,goldenhome.gr,https://goldenhome.gr/property/view/466465,sold / not available
2026-10-05,goldenhome.gr,https://goldenhome.gr/property/view/506982,sold / not available
2026-10-05,remax.gr,https://www.remax.gr/property/399793-enoikiasi-katastima-istoriko-kentro,not on result pages
2026-10-05,rewize.com,https://rewize.com/akinito/3672,http 404
2026-10-05,rewize.com,https://rewize.com/en/property/3672,http 404
2026-10-05,rewize.com,https://rewize.com/akinito/1076,http 404
2026-10-06,remax.gr,https://www.remax.gr/property/359229-polisi-gkarsoniera-studio-bardarhs,not on result pages
2026-10-06,remax.gr,https://www.remax.gr/property/363571-polisi-mezoneta-kentro,not on result pages
2026-10-06,remax.gr,https://www.remax.gr/property/372864-polisi-diamerisma-agia-paraskeyh,not on result pages
2026-10-06,remax.gr,https://www.remax.gr/property/375393-polisi-loft-bardarhs,not on result pages
2026-10-06,remax.gr,https://www.remax.gr/property/380487-polisi-diamerisma-kentro,not on result pages
2026-10-06,remax.gr,https://www.remax.gr/property/395436-polisi-gkarsoniera-studio-dioikhthrio,not on result pages
2026-10-06,remax.gr,https://www.remax.gr/property/397832-polisi-diamerisma-istoriko-kentro,not on result pages
2026-10-06,remax.gr,https://www.remax.gr/property/404610-polisi-gkarsoniera-studio-rotonta,not on result pages
2026-10-06,remax.gr,https://www.remax.gr/property/404752-polisi-gkarsoniera-studio-kamara,not on result pages
2026-10-06,remax.gr,https://www.remax.gr/property/405489-polisi-gkarsoniera-studio-8essalonikh-dhmos,not on result pages
2026-10-06,remax.gr,https://www.remax.gr/property/406165-enoikiasi-diamerisma-agios-iwannhs,not on result pages
2026-10-06,remax.gr,https://www.remax.gr/property/407183-polisi-diamerisma-leykos-pyrgos,not on result pages
2026-10-06,four-walls.gr,https://four-walls.gr/en/properties/2400030,http 404
2026-10-06,arcusrealestate.gr,https://arcusrealestate.gr/el/properties/119401,http 404
2026-10-06,rewize.com,https://rewize.com/en/property/752,http 404
2026-10-06,remax.gr,https://www.remax.gr/property/401414-polisi-gkarsoniera-studio-kolwnos,http 404
2026-10-06,goldenhome.gr,https://goldenhome.gr/property/view/535510,sold / not available
2026-10-06,casanova.com.gr,https://casanova.com.gr/el/property/544879,http 404
2026-10-06,kosmopolishouse.gr,https://kosmopolishouse.gr/akinita/gkarsoniera-063,http 404
2026-10-06,elgrekorealestate.com,https://www.elgrekorealestate.com/gr/property/show/2516273/,http 404
2026-10-06,elgrekorealestate.com,https://www.elgrekorealestate.com/gr/property/show/2305698/,http 404
2026-10-06,elgrekorealestate.com,https://www.elgrekorealestate.com/ru/property/show/2305698/,http 404
2026-10-06,mesitiki.net,https://mesitiki.net/el/property/3053,http 404
2026-10-06,g-mas.gr,https://www.g-mas.gr/en/properties/thessaloniki-apartment-1110/,http 404
2026-10-06,g-mas.gr,https://www.g-mas.gr/en/properties/thessaloniki-apartment-1109/,http 404
2026-10-06,g-mas.gr,https://www.g-mas.gr/en/properties/thessaloniki-apartment-1107/,http 404
2026-10-06,arcusrealestate.gr,https://arcusrealestate.gr/el/properties/117745,http 404
2026-10-06,aki-nito.gr,https://aki-nito.gr/el/property/4683,http 404
2026-10-06,aki-nito.gr,https://aki-nito.gr/el/property/4678,http 404
2026-10-06,aki-nito.gr,https://aki-nito.gr/el/property/4441,http 404
2026-10-06,aki-nito.gr,https://aki-nito.gr/el/property/4427,http 404
2026-10-06,aki-nito.gr,https://aki-nito.gr/el/property/4396,http 404
2026-10-06,aki-nito.gr,https://aki-nito.gr/el/property/4187,http 404
2026-10-06,aki-nito.gr,https://aki-nito.gr/el/property/3905,http 404
2026-10-06,aki-nito.gr,https://aki-nito.gr/el/property/5014,http 404
2026-10-06,aki-nito.gr,https://aki-nito.gr/el/property/4198,http 404
2026-10-06,aki-nito.gr,https://aki-nito.gr/el/property/4812,http 404
2026-10-06,aki-nito.gr,https://aki-nito.gr/el/property/3794,http 404
2026-10-06,aki-nito.gr,https://aki-nito.gr/el/property/3348,http 404
2026-10-06,aki-nito.gr,https://aki-nito.gr/el/property/4438,http 404
2026-10-06,aki-nito.gr,https://aki-nito.gr/el/property/4863,http 404
2026-10-06,thermaikosrealest.gr,https://thermaikosrealest.gr/el/property/11049,http 404
2026-10-06,rewize.com,https://rewize.com/en/property/772,http 404
2026-10-06,rewize.com,https://rewize.com/en/property/1076,http 404
2026-10-06,rewize.com,https://rewize.com/en/property/1183,http 404
2026-10-06,rewize.com,https://rewize.com/akinito/752,http 404
2026-10-06,remax.gr,https://www.remax.gr/property/386234-polisi-diamerisma-agios-nikolaos,http 404
2026-10-06,goldenhome.gr,https://goldenhome.gr/property/view/483443,sold / not available
2026-10-06,goldenhome.gr,https://goldenhome.gr/property/view/517934,sold / not available
2026-10-06,goldenhome.gr,https://goldenhome.gr/property/view/519961,sold / not available
2026-10-06,goldenhome.gr,https://goldenhome.gr/property/view/530384,sold / not available
2026-10-07,remax.gr,https://www.remax.gr/property/326417-polisi-oikopedo-gia-katoikia-asprobalta,not on result pages
2026-10-07,remax.gr,https://www.remax.gr/property/342797-polisi-monokatoikia-lhth,not on result pages
2026-10-07,remax.gr,https://www.remax.gr/property/351769-polisi-diamerisma-kentro,not on result pages
2026-10-07,remax.gr,https://www.remax.gr/property/362859-polisi-diamerisma-eptapyrgio,not on result pages
2026-10-07,remax.gr,https://www.remax.gr/property/362860-polisi-mezoneta-eptapyrgio,not on result pages
2026-10-07,remax.gr,https://www.remax.gr/property/367816-polisi-mezoneta-kentro,not on result pages
2026-10-07,remax.gr,https://www.remax.gr/property/367817-polisi-mezoneta-kentro,not on result pages
2026-10-07,remax.gr,https://www.remax.gr/property/367818-polisi-diamerisma-kentro,not on result pages
2026-10-07,remax.gr,https://www.remax.gr/property/367819-polisi-mezoneta-kentro,not on result pages
2026-10-07,remax.gr,https://www.remax.gr/property/367820-polisi-diamerisma-kentro,not on result pages
2026-10-07,remax.gr,https://www.remax.gr/property/367821-polisi-diamerisma-panorama,not on result pages
2026-10-07,remax.gr,https://www.remax.gr/property/367829-polisi-katastima-kentro,not on result pages
2026-10-07,remax.gr,https://www.remax.gr/property/367842-polisi-mezoneta-kentro,not on result pages
2026-10-07,remax.gr,https://www.remax.gr/property/367844-polisi-mezoneta-kentro,not on result pages
2026-10-07,remax.gr,https://www.remax.gr/property/367845-polisi-mezoneta-kentro,not on result pages
2026-10-07,remax.gr,https://www.remax.gr/property/367846-polisi-mezoneta-kentro,not on result pages
2026-10-07,remax.gr,https://www.remax.gr/property/367850-polisi-mezoneta-kentro,not on result pages
2026-10-07,remax.gr,https://www.remax.gr/property/367858-polisi-mezoneta-kentro,not on result pages
2026-10-07,remax.gr,https://www.remax.gr/property/367860-polisi-diamerisma-kentro,not on result pages
2026-10-07,remax.gr,https://www.remax.gr/property/367866-polisi-mezoneta-kentro,not on result pages
2026-10-07,remax.gr,https://www.remax.gr/property/367867-polisi-mezoneta-kentro,not on result pages
2026-10-07,remax.gr,https://www.remax.gr/property/367868-polisi-mezoneta-kentro,not on result pages
2026-10-07,remax.gr,https://www.remax.gr/property/367869-polisi-mezoneta-kentro,not on result pages
2026-10-07,remax.gr,https://www.remax.gr/property/367877-polisi-agrotemachio-synoikismos-nomoy-751,not on result pages
2026-10-07,remax.gr,https://www.remax.gr/property/367914-polisi-oikopedo-gia-epaggelmatiki-chrisi-mediterranean-cosmos,not on result pages
2026-10-07,remax.gr,https://www.remax.gr/property/368051-polisi-agrotemachio-kaballari,not on result pages
2026-10-07,remax.gr,https://www.remax.gr/property/368061-polisi-agrotemachio-trilofo,not on result pages
2026-10-07,remax.gr,https://www.remax.gr/property/368080-polisi-agrotemachio-agia-paraskeyh,not on result pages
2026-10-07,remax.gr,https://www.remax.gr/property/368218-polisi-agrotemachio-palios-oikismos-panoramatos,not on result pages
2026-10-07,remax.gr,https://www.remax.gr/property/369949-polisi-mezoneta-kentro,not on result pages
2026-10-07,remax.gr,https://www.remax.gr/property/380600-polisi-monokatoikia-kymina,not on result pages
2026-10-07,remax.gr,https://www.remax.gr/property/382429-polisi-diamerisma-kentro,not on result pages
2026-10-07,remax.gr,https://www.remax.gr/property/382430-polisi-diamerisma-kentro,not on result pages
2026-10-07,remax.gr,https://www.remax.gr/property/382432-polisi-mezoneta-kentro,not on result pages
2026-10-07,remax.gr,https://www.remax.gr/property/388686-enoikiasi-katastima-eptalofos,not on result pages
2026-10-07,remax.gr,https://www.remax.gr/property/389436-polisi-diamerisma-skeparnh,not on result pages
2026-10-07,remax.gr,https://www.remax.gr/property/390125-polisi-apothiki-neapolh,not on result pages
2026-10-07,remax.gr,https://www.remax.gr/property/390156-polisi-diamerisma-anwthen-perifereiakoy,not on result pages
2026-10-07,remax.gr,https://www.remax.gr/property/393036-enoikiasi-diamerisma-botsh,not on result pages
2026-10-07,remax.gr,https://www.remax.gr/property/393202-polisi-monokatoikia-kwnstantinopolitika,not on result pages
2026-10-07,remax.gr,https://www.remax.gr/property/395605-polisi-diamerisma-synoikismos-nomoy-751,not on result pages
2026-10-07,remax.gr,https://www.remax.gr/property/397796-enoikiasi-diamerisma-kalamaria,not on result pages
2026-10-07,remax.gr,https://www.remax.gr/property/400229-polisi-mezoneta-polixnh,not on result pages
2026-10-07,remax.gr,https://www.remax.gr/property/400674-enoikiasi-diamerisma-kalamaria,not on result pages
2026-10-07,remax.gr,https://www.remax.gr/property/404265-enoikiasi-diamerisma-eyosmos,not on result pages
2026-10-07,remax.gr,https://www.remax.gr/property/404378-polisi-monokatoikia-stayroypolh,not on result pages
2026-10-07,remax.gr,https://www.remax.gr/property/406603-enoikiasi-diamerisma-panorama,not on result pages
2026-10-07,remax.gr,https://www.remax.gr/property/406906-polisi-diamerisma-polixnh,not on result pages
2026-10-07,remax.gr,https://www.remax.gr/property/407480-enoikiasi-diamerisma-eyosmos,not on result pages
2026-10-07,dora.estate,https://dora.estate/property/%ce%bf%ce%b9%ce%ba%cf%8c%cf%80%ce%b5%ce%b4%ce%bf-400-%cf%84-%ce%bc-%cf%83%cf%84%ce%bf%ce%bd-%ce%ac%ce%b3%ce%b9%ce%bf-%ce%b2%ce%b1%cf%83%ce%af%ce%bb%ce%b5%ce%b9%ce%bf-%ce%b1%ce%bb%ce%b5%ce%be%ce%b1/,http 404
2026-10-07,dora.estate,https://dora.estate/property/%ce%b1%ce%b3%cf%81%ce%bf%cf%84%ce%b5%ce%bc%ce%ac%cf%87%ce%b9%ce%bf-2339-%cf%84-%ce%bc-%cf%83%cf%84%ce%bf%ce%bd-%cf%83%ce%ba%ce%bf%cf%81%cf%80%ce%b9%cf%8c/,http 404
2026-10-07,alphaermis.com,https://alphaermis.com/property/pole%ce%aftai-exairetik%cf%8c-retir%ce%ad-100t-m-sten-ag%ce%afa-tri%ce%acda/,http 404
2026-10-07,casanova.com.gr,https://casanova.com.gr/el/property/545054,http 404
2026-10-07,hometarget.gr,https://hometarget.gr/el/property/3998,redirects to https://hometarget.gr/website/error
2026-10-07,hometarget.gr,https://hometarget.gr/el/property/4176,redirects to https://hometarget.gr/website/error
2026-10-07,katikia.com.gr,https://katikia.com.gr/el/property/2444,http 404
2026-10-07,elgrekorealestate.com,https://www.elgrekorealestate.com/ru/property/show/437196/,http 404
2026-10-07,monopoly.com.gr,https://monopoly.com.gr/el/property/85509,http 404
2026-10-07,monopoly.com.gr,https://monopoly.com.gr/el/property/15673,http 404
2026-10-07,monopoly.com.gr,https://monopoly.com.gr/el/property/45559,http 404
2026-10-07,aki-nito.gr,https://aki-nito.gr/el/property/4643,http 404
2026-10-07,rewize.com,https://rewize.com/akinito/772,http 404
2026-10-07,rewize.com,https://rewize.com/akinito/1183,http 404
2026-10-07,remax.gr,https://www.remax.gr/property/402387-polisi-diamerisma-ampelokhpoi,http 404
2026-10-07,goldenhome.gr,https://goldenhome.gr/property/view/97112,sold / not available
2026-10-07,goldenhome.gr,https://goldenhome.gr/property/view/539361,sold / not available
2026-10-07,goldenhome.gr,https://goldenhome.gr/property/view/539242,sold / not available
