at,listings,new,removed,price_down,price_up,checked,source_errors,failed_steps,minutes
2026-10-01T08:55Z,19332,702,109,0,0,4182,13,,58
2026-10-01T18:26Z,20823,758,62,17,8,7086,12,,65
2026-10-02T04:31Z,21925,1201,99,7,1,4254,23,,66
2026-10-02T09:01Z,22221,434,96,10,1,5775,24,alerts,68
2026-10-02T17:32Z,22822,689,88,29,0,8850,23,,71
2026-10-03T08:20Z,23433,718,107,38,8,5041,12,,66
2026-10-03T16:48Z,24042,675,66,37,4,7448,12,,64
2026-10-05T14:31Z,24836,897,103,33,9,4618,12,xe,69
2026-10-05T15:59Z,25245,469,60,24,2,7554,27,,68
2026-10-06T05:32Z,25668,485,62,24,3,5788,27,,67
2026-10-06T19:41Z,26326,735,77,18,7,7438,27,remax,67
